tick,egoSpeed,throttle,brake,steerDeg,decisionState,selectedCandidate,goalDistance,headingErrorDeg,collisionCount,newCollisionCount
1,0,1,0,7.39632861247437e-13,cruise,8,68.3676134437532,1.79939881103798e-12,0,0
2,3.38549684198606e-08,1,0,7.39632861247437e-13,merge,8,68.3676134437532,1.79939881103798e-12,0,0
3,6.65651595458569e-09,1,0,7.39632861247437e-13,merge,8,68.3676134437532,1.79939881103798e-12,0,0
4,3.39074775960911e-08,1,0,7.39632861247437e-13,merge,8,68.3676134437532,1.79939881103798e-12,0,0
5,1.04474961312611,1,0,-0.000564556141899837,merge,8,68.3415948782128,-0.00027453900005534,0,0
6,3.10526681646498,0,0.0508778027441633,-12.1064405561419,avoid,1,68.0050140195093,-0.000366330147202549,0,0
7,3.89275400291379,0,0.182125667152298,-5.4822005561419,avoid,14,67.6698940224788,0.325134575367999,0,0
8,4.08314669167678,0,0.21385778194613,1.2188994438581,avoid,14,67.3197786440614,1.86766672134302,0,0
9,3.93099620623827,0,0.188499367706378,7.8923934438581,avoid,15,66.9769955117544,2.78918087482818,0,0
10,3.67271089828584,0,0.145451816380974,14.5745514438581,avoid,15,66.6193840222999,2.04933637380785,0,0
11,3.40026978849996,0,0.100044964749993,7.9967694438581,avoid,1,66.2770464642354,-0.0843505859367705,0,0
12,3.22468439999667,0,0.0707807333327785,1.4167614438581,avoid,1,65.9444895491234,-2.48483419418122,0,0
13,3.05651321903423,0,0.0427522031723719,-5.3071325561419,avoid,1,65.6496710993634,-3.53021478653046,0,0
14,2.87798462370779,0,0.0129974372846322,-12.0058805561419,avoid,1,65.3697762498939,-3.39135980606015,0,0
15,2.70199715079152,0.0490014246042407,0,-14.1978894744067,avoid,7,65.1160213608421,-2.19116306304926,0,0
16,2.54773096823459,0.126134515882704,0,-20.7448734744067,avoid,2,64.8984055158887,0.0332642793673816,0,0
17,2.43035261786722,0.184823691066388,0,-27.3638874744067,avoid,2,64.7179593669593,2.59454619884725,0,0
18,2.33293967436864,0.233530162815678,0,-33.9734994744067,avoid,2,64.574978815966,5.99496650695796,0,0
19,2.26174270090922,0.269128649545392,0,-27.3213354744067,avoid,10,64.4764863668283,10.4160585403366,0,0
20,2.37085319827931,0.214573400860346,0,-20.7061734744067,avoid,11,64.4141464111934,14.9485654830947,0,0
21,2.49864981724563,0.150675091377183,0,-14.1987714744067,avoid,11,64.3421798573559,18.8081302642804,0,0
22,2.58596476421262,0.107017617893691,0,-7.54027147440666,avoid,11,64.2511884050899,21.6491184234599,0,0
23,2.60986336034556,0.0950683198272182,0,-0.920249474406662,avoid,15,64.1304918652292,23.6417770385731,0,0
24,2.58015533108777,0.109922334456115,0,5.65866052559334,avoid,15,64.0085402259706,24.6854038238529,0,0
25,2.52882634973246,0.135586825133769,0,12.3303605255933,avoid,8,63.8696774602223,24.4492015838601,0,0
26,2.46671954707308,0.166640226463459,0,18.9358745255933,avoid,8,63.6983918678366,23.0449295043942,0,0
27,2.41624781944839,0.191876090275803,0,25.5397985255933,avoid,8,63.5281923601396,20.923173904413,0,0
28,2.36260270408651,0.218698647956747,0,32.2492685255933,avoid,8,63.3358711113151,17.8510589599619,0,0
29,2.29655002066198,0.251724989669012,0,35,avoid,8,63.1051117239842,13.3660202026334,0,0
30,2.28018436608757,0.259907816956213,0,35,avoid,8,62.8852921283439,8.47416543960715,0,0
31,2.33465350099367,0.232673249503166,0,32.3573071117858,avoid,8,62.647699048301,3.02091276645695,0,0
32,2.42722812295507,0.186385938522466,0,25.8184831117858,avoid,8,62.4304431182369,-1.70047044754045,0,0
33,2.54708281602787,0.126458591986063,0,19.2231871117858,avoid,8,62.1525620710461,-6.77600765228624,0,0
34,2.6146871301962,0.0926564349018997,0,12.5912911117858,avoid,1,61.8927531796144,-10.4128904342653,0,0
35,2.63046761221519,0.0847661938924036,0,6.18490511178583,avoid,1,61.6179752870151,-13.1386604309088,0,0
36,2.59548195488632,0.102259022556838,0,-0.35542488821417,avoid,1,61.3344379101576,-14.8545989990222,0,0
37,2.55744331963416,0.121278340182919,0,-6.94901088821417,avoid,1,61.0626103296295,-15.4701976776119,0,0
38,2.49860728031941,0.150696359840296,0,-13.6740028882142,avoid,1,60.8022102254646,-15.0814094543524,0,0
39,2.44254892068646,0.17872553965677,0,-20.3100388882142,avoid,1,60.569289351077,-13.6920337676983,0,0
40,2.38781319614212,0.206093401928939,0,-26.9148388882142,avoid,1,60.362055390741,-11.3580513000519,0,0
41,2.33746912839207,0.231265435803965,0,-33.5698228882142,avoid,3,60.1854454381871,-8.13297939300593,0,0
42,2.28673108099405,0.256634459502975,0,-35,avoid,2,60.0525301096786,-4.18097305297362,0,0
43,2.27649737163388,0.261751314183061,0,-35,avoid,1,59.956574840286,0.942077636716948,0,0
44,2.35066398346572,0.324668008267142,0,-28.422794,replan,15,59.8883091798951,6.48404026031836,0,0
45,2.51229073473242,0.243854632633789,0,-21.828434,replan,15,59.8286770807671,11.7038125991874,0,0
46,2.67993599086528,0.160032004567358,0,-15.28226,replan,15,59.7544102382707,15.9122695922845,0,0
47,2.78590592208718,0.10704703895641,0,-8.635616,replan,15,59.6628811186404,19.211210250853,0,0
48,2.81737444867545,0,0.00289574144590765,-2.011742,avoid,11,59.5604554122111,21.3620300292948,0,0
49,2.76765097516732,0.016174512416341,0,4.525894,avoid,12,59.4468213956164,22.3741359710687,0,0
50,2.63558388758255,0.0822080562087268,0,11.201122,avoid,12,59.2955564642607,22.2314739227314,0,0
51,2.51521625936811,0.142391870315944,0,17.738284,avoid,8,59.1488239875793,21.1984729766842,0,0
52,2.41749113010496,0.191254434947518,0,24.289966,avoid,8,58.988554320199,19.2727813720736,0,0
53,2.33721979145912,0,0.389536631909853,30.883498,emergency_stop,12,58.8046110674109,16.365809440613,0,0
54,2.17983059718004,0,0.363305099530007,35,emergency_stop,12,58.590913406946,12.309341430662,0,0
55,1.67835891142766,0,0.279726485237944,35,emergency_stop,15,58.4135282284857,7.98831892013801,0,0
56,1.29262357554632,0,0.215437262591054,35,emergency_stop,8,58.2695011388212,3.91827082633893,0,0
57,0.654270920766309,0,0.109045153461052,35,emergency_stop,9,58.1821245512631,1.19653321057763,0,0
58,0.000443825575925114,0,7.39709293208524e-05,35,emergency_stop,9,58.1686615274324,0.762268185617585,0,0
59,0.000631107607449665,0,0.000105184601241611,35,emergency_stop,8,58.168391942788,0.761047363283049,0,0
60,0.00034973277135563,0,5.82887952259383e-05,35,emergency_stop,8,58.1681562809312,0.760070741178405,0,0
61,0.000201831659182709,0,3.36386098637848e-05,35,emergency_stop,8,58.1680449862335,0.759613037111174,0,0
62,0.000120172765347752,0,2.00287942246253e-05,35,emergency_stop,15,58.1679898699684,0.7593994140659,0,0
63,2.08628631628224e-05,0,3.4771438604704e-06,35,emergency_stop,15,58.1679552445987,0.759338438514295,0,0
64,1.14923004937831e-05,0,1.91538341563052e-06,35,emergency_stop,8,58.1679290999247,0.759368896486174,0,0
65,4.0947157895677e-06,0,6.82452631594616e-07,35,emergency_stop,8,58.1679132006911,0.759368896486174,0,0
66,4.11501865333688e-06,0,6.85836442222813e-07,35,emergency_stop,8,58.167902955256,0.759399414064299,0,0
67,2.21960490712655e-06,0.299998890197546,0,28.341248,brake,4,58.1679001283571,0.759399414052584,0,0
68,0.0242983565926517,0.287850821703674,0,34.914806,brake,15,58.1686633416117,0.778076231483045,0,0
69,0.0603553261406043,0.269822336929698,0,35,brake,15,58.1683608968291,0.76428234577519,0,0
70,0.184450670961427,0.207774664519286,0,35,brake,15,58.1557365706493,0.456756591800276,0,0
71,0.298584368882177,0.150707815558911,0,35,brake,15,58.1299818591506,-0.17645263671535,0,0
72,0.385414153747238,0.107292923126381,0,35,brake,15,58.0942302928137,-1.02981615066188,0,0
73,0.418631910667304,0.0906840446663479,0,35,brake,15,58.0512226632153,-2.02444577216762,0,0
74,0.446474202425918,0.0767628987870408,0,35,brake,11,58.0086472368493,-3.01828193665388,0,0
75,0.459434221977614,0.0702828890111928,0,32.0112990929373,brake,8,57.9603051152589,-4.15658950805484,0,0
76,0.469692298842174,0.0651538505789129,0,30.8609238047879,brake,8,57.9095926369273,-5.26126623153507,0,0
77,0.462473370679295,0.0687633146603527,0,27.994013027199,brake,8,57.8580456285171,-6.3035364150983,0,0
78,0.485458883763361,0.0572705581183197,0,26.9429655931916,brake,8,57.8102206595239,-7.20518016815005,0,0
79,0.465703163687042,0.0671484181564789,0,24.1079455592558,brake,8,57.7577547021283,-8.13227558135806,0,0
80,0.459113397237764,0.070443301381118,0,23.1081353922071,brake,8,57.7092183764207,-8.9170675277692,0,0
81,0.458602631004135,1,0,20.4524145629207,avoid,8,57.6580418725977,-9.66853523254215,0,0
82,0.530546135886583,1,0,19.4908148923512,avoid,8,57.6057670827539,-10.3812131881804,0,0
83,0.941454766675979,0.92927261666201,0,16.470144781272,avoid,8,57.5247686898761,-11.3796882629484,0,0
84,1.54240603998226,0.62879698000887,0,12.3060624079344,avoid,8,57.4022465171735,-12.6944761276178,0,0
85,2.24982248302487,0.275088758487566,0,5.64975840793435,avoid,8,57.1928891406513,-14.4814319610639,0,0
86,2.68119171375444,0.0594041431227808,0,-0.830925592065646,avoid,8,56.9403165929604,-15.9173088073753,0,0
87,2.81996897489519,0,0.00332816248253128,-6.85943981497574,avoid,8,56.6831883455893,-16.2900810241675,0,0
88,2.76676495073734,0.0166175246313278,0,-7.69859962098163,avoid,8,56.3985034615355,-15.7776927947998,0,0
89,2.65474047742768,0.0726297612861577,0,-6.90970924633159,avoid,8,56.1354190849023,-14.408950805666,0,0
90,2.56194930782123,0.119025346089386,0,-5.6356577131465,avoid,8,55.8983311129334,-13.1572761535661,0,0
91,2.49809948291201,0.150950258543993,0,-4.61812403474387,avoid,8,55.6676718408025,-12.103567123415,0,0
92,2.48004677716835,0.159976611415826,0,-11.1500240347439,avoid,2,55.460764326192,-11.3221015930121,0,0
93,2.44673892237901,0.176630538810493,0,-4.57694603474387,avoid,8,55.2318867344043,-10.1450681686354,0,0
94,2.47095675928698,0.164521620356508,0,-11.2619120347439,avoid,7,55.0210646075419,-8.83638000488049,0,0
95,2.46559445224118,0.16720277387941,0,-17.6783060347439,avoid,2,54.8133698381101,-7.76685619354267,0,0
96,2.43286742858094,0.18356628570953,0,-24.3386900347439,avoid,1,54.6282892362668,-5.71414852142399,0,0
97,2.39312057900275,0.203439710498623,0,-30.9251960347439,avoid,1,54.480717207165,-2.88733053207427,0,0
98,2.3292391871354,0.235380406432302,0,-35,avoid,1,54.3621042829524,1.24392700940211,0,0
99,2.28677724342805,0.256611378285974,0,-28.45649,avoid,15,54.3004107273869,5.83462429046414,0,0
100,2.41572573088538,0.192137134557308,0,-27.2243489490649,avoid,1,54.2579063056889,10.873490333555,0,0
101,2.49073883713033,0.154630581434833,0,-20.7198989490649,avoid,15,54.216584412331,15.0192461013777,0,0
102,2.57929271134679,0.110353644326607,0,-14.1797729490649,avoid,15,54.1759655766501,18.8943786621094,0,0
103,2.61812107177299,0,0.436353511962165,-7.52276694906495,emergency_stop,8,54.1239534712459,21.7952156066879,0,0
104,2.49363227670472,0,0.415605379450787,-0.865544949064946,emergency_stop,9,54.0524902450216,23.7325935363768,0,0
105,2.22068288067389,0,0.370113813445648,5.81343305093505,emergency_stop,9,53.9696499929161,24.4132003784155,0,0
106,1.98037034692639,0,0.330061724487732,12.2928810509351,emergency_stop,8,53.8901886519537,24.2899971008347,0,0
107,1.75058452065586,0,0.291764086775976,18.7849050509351,emergency_stop,14,53.8028966749501,23.3737792968738,0,0
108,1.51788253663394,0,0.252980422772324,25.2331530509351,emergency_stop,15,53.6994607510951,21.7109317779589,0,0
109,1.26472650918689,0,0.210787751531148,31.8047550509351,emergency_stop,15,53.5931033414494,19.5907363891583,0,0
110,0.124440730993804,0,0.0207401218323007,35,emergency_stop,15,53.5258311112739,17.7590122222955,0,0
111,0.000326645860363053,0,5.44409767271755e-05,35,emergency_stop,15,53.525903476842,17.76070785523,0,0
112,0.000266660709059281,0,4.44434515098801e-05,35,emergency_stop,15,53.5257049577772,17.7600212097222,0,0
113,8.80966567247227e-05,0,1.46827761207871e-05,35,emergency_stop,8,53.5255720577951,17.7600250244213,0,0
114,2.4447730099113e-05,0,4.0746216831855e-06,35,emergency_stop,8,53.5255245794889,17.7600612640453,0,0
115,2.43309132544898e-05,0,4.05515220908164e-06,35,emergency_stop,8,53.5254762701115,17.7601051330638,0,0
116,1.30227855450866e-05,0,2.17046425751443e-06,35,emergency_stop,8,53.5254607210434,17.7601413726879,0,0
117,7.28744067107035e-06,0.299996356279664,0,35,brake,8,53.5254417493779,17.7601566314769,0,0
118,0.0196385093099732,0.290180745345013,0,35,brake,8,53.525943377913,17.7745895385814,0,0
119,0.0739192544433772,0.263040372778311,0,35,brake,8,53.5238687660184,17.71502113343,0,0
120,0.203954085972271,0.198022957013865,0,35,brake,8,53.5120348260209,17.3951950073314,0,0
121,0.34306681335777,0.128466593321115,0,35,brake,8,53.4876396697298,16.732763290418,0,0
122,0.396468099934662,0.101765950032669,0,35,brake,8,53.4533532949608,15.8171768188604,0,0
123,0.461260176426731,0.0693699117866345,0,35,brake,8,53.4133552443126,14.744310379041,0,0
124,0.461876299665532,0.0690618501672342,0,35,brake,10,53.3694380078281,13.5850114822401,0,0
125,0.485166221114983,0.0574168894425085,0,35,brake,8,53.3295882744602,12.5590047836431,0,0
126,0.477723397553669,0.0611383012231657,0,28.42733,brake,2,53.2816342784366,11.3027753829988,0,0
127,0.485709512981334,0.0571452435093331,0,21.968366,brake,1,53.2367896954499,10.2411088943624,0,0
128,0.494420168338082,0.0527899158309589,0,15.322934,brake,1,53.1959439095642,9.45614051820273,0,0
129,0.496011104024029,0.0519944479879853,0,8.690948,brake,1,53.1541981275706,8.84624147416586,0,0
130,0.494857686393067,0.0525711568034666,0,10.9231236907524,brake,3,53.1150038853887,8.44495248794859,0,0
131,0.479823281047316,1,0,17.3557416907524,avoid,4,53.0757755969586,8.09246063232694,0,0
132,0.507632852760766,1,0,24.0233916907524,avoid,8,53.0402253493971,7.6904983520635,0,0
133,0.782196263401453,1,0,30.5656416907524,avoid,8,52.9887287764046,6.91504573823293,0,0
134,1.37425940220292,0.71287029889854,0,35,avoid,8,52.8841465707978,4.93710255623402,0,0
135,1.94988443586656,0.425057782066719,0,35,avoid,8,52.7145462594732,1.23541260511111,0,0
136,2.33118350720079,0.234408246399604,0,35,avoid,13,52.5149301756874,-3.31463861465149,0,0
137,2.55231263864021,0,0.325385439773368,28.457666,brake,1,52.2452944720911,-9.38380622863544,0,0
138,2.62696867620261,0,0.337828112700435,21.910904,brake,1,51.9789332889677,-14.7919502258267,0,0
139,2.52682467502199,0,0.321137445836999,15.371978,brake,1,51.7342616429215,-18.6862792968743,0,0
140,2.32704307184671,0,0.287840511974452,8.891552,brake,1,51.4527682745549,-21.9272575378428,0,0
141,2.14596119118706,0,0.257660198531177,2.470358,brake,1,51.231584122068,-23.6462154388421,0,0
142,1.95220609718807,0,0.225367682864679,-4.072264,brake,1,51.0284123301663,-24.4440994262703,0,0
143,1.73440683036731,0,0.189067805061218,-10.459072,brake,1,50.8354733458202,-24.4076328277542,0,0
144,0.304434047604016,0.147782976197992,0,-17.092978,brake,8,50.7099353346864,-23.8658828735333,0,0
145,0.073507139075074,0.263246430462463,0,-23.56546,brake,8,50.7061525335315,-23.8218173980694,0,0
146,0.193454410981001,0.203272794509499,0,-26.2750330420475,brake,8,50.6937068895251,-23.6286411285382,0,0
147,0.298893534839418,0.150553232580291,0,-19.6421590420474,brake,9,50.6749159541316,-23.2227287292569,0,0
148,0.435919445565198,0.082040277217401,0,-14.3542686564517,brake,9,50.6476044284854,-22.6852512359707,0,0
149,0.49687856827629,0.0515607158618551,0,-7.85325065645174,brake,13,50.6120997596582,-22.2308483123864,0,0
150,0.516395449686036,0.0418022751569822,0,-1.19187065645174,brake,13,50.5708691257716,-21.9036064148034,0,0
151,0.509333483138817,1,0,-7.80562265645174,avoid,4,50.5209405274328,-21.7682914733987,0,0
152,0.521992609930627,1,0,-14.4698886564517,avoid,4,50.4779957822658,-21.6852245330744,0,0
153,0.80913446276269,0.995432768618655,0,-20.9685846564517,avoid,5,50.4161458529015,-21.2080821990737,0,0
154,1.40559099039025,0.697204504804873,0,-23.0515216710563,avoid,8,50.3280890981068,-20.0654487609836,0,0
155,2.07797144626519,0.361014276867407,0,-19.2696096329466,avoid,8,50.190860288543,-17.4820594787602,0,0
156,2.55564773182651,0.122176134086746,0,-14.380891137645,avoid,8,50.0345878132344,-14.5601701736412,0,0
157,2.81956403453439,0,0.00326067242239884,-7.83752513764503,avoid,9,49.840473196687,-11.7043037414576,0,0
158,2.86006308005581,0,0.0100105133426351,-14.324419137645,avoid,1,49.6355446753095,-9.67396640777531,0,0
159,2.715031550507,0.042484224746502,0,-20.933437137645,avoid,1,49.4138923359183,-7.72590255737168,0,0
160,2.53804814511861,0.130975927440696,0,-27.443725137645,avoid,2,49.2423085049412,-4.94070911407395,0,0
161,2.39685889520546,0.20157055239727,0,-20.866231137645,avoid,15,49.13195991724,-1.8255317211085,0,0
162,2.39759105623822,0.201204471880891,0,-14.259163137645,avoid,14,49.0425170321889,1.81455725431735,0,0
163,2.44577733735843,0.177111331320784,0,-7.68574313764503,avoid,14,48.9290502526535,4.85407471657403,0,0
164,2.49630733312073,0.151846333439634,0,-14.184049137645,avoid,2,48.8257459046162,6.58206033706652,0,0
165,2.50498536833444,0.14750731583278,0,-20.665237137645,avoid,1,48.7099027275124,8.17728185653159,0,0
166,2.46964447558962,0.265177762205191,0,-14.119417137645,replan,12,48.6327005143099,10.4394941329942,0,0
167,2.52386578639534,0.238067106802332,0,-7.46010113764503,replan,13,48.5673403749868,13.2184286117553,0,0
168,2.61771926165454,0.19114036917273,0,-1.02427913764503,replan,14,48.4834209509632,15.1166543960547,0,0
169,2.67742766599635,0.161286167001824,0,5.48598486235497,replan,10,48.3959989037214,15.8766403198277,0,0
170,2.69429930515529,0.152850347422355,0,12.146650862355,replan,10,48.2766735301432,15.5969753265374,0,0
171,2.6648970566786,0.167551471660698,0,18.752884862355,replan,8,48.1012161749735,13.7500801086433,0,0
172,2.62831588032592,0.0858420598370391,0,25.287148862355,avoid,14,47.9526822352249,11.6788139343298,0,0
173,2.53629199774706,0.131854001126471,0,31.766014862355,avoid,15,47.7575953262499,8.24322795867723,0,0
174,2.41318273911959,0.193408630440205,0,35,avoid,15,47.5442127004023,3.86298465728392,0,0
175,2.32726051776048,0.236369741119761,0,35,avoid,14,47.3201726347049,-1.30654907227051,0,0
176,2.33901401617154,0.230492991914228,0,34.7136935503239,avoid,10,47.1159566775069,-6.13202524185073,0,0
177,2.39534433152621,0.202327834236895,0,35,avoid,13,46.8624142603751,-11.9575080871557,0,0
178,2.429834034798,0.185082982600999,0,28.635362,avoid,11,46.6175250861314,-17.4964027404754,0,0
179,2.52884510152149,0.135577449239257,0,22.067258,avoid,11,46.3460941824544,-23.0047969818091,0,0
180,2.60491151192293,0.097544244038533,0,15.523244,avoid,11,46.0546255101902,-27.5355186462383,0,0
181,2.61654522190501,0.0917273890474928,0,8.934416,avoid,3,45.7748997154125,-30.7507514953608,0,0
182,2.6112573881566,0.0943713059216991,0,2.636276,avoid,3,45.505489629575,-32.8266754150374,0,0
183,2.56820080452119,0.115899597739404,0,-3.586294,avoid,3,45.2381463762369,-33.871528625491,0,0
184,2.51339068606101,0.143304656969496,0,-10.079782,avoid,3,44.9762884670962,-33.9280700683599,0,0
185,2.4646993834227,0.167650308288652,0,-16.66186,avoid,8,44.7291229803667,-33.0534210205059,0,0
186,2.41612722415077,0.191936387924614,0,-23.142754,avoid,3,44.5004706656412,-31.2013397216785,0,0
187,2.37189407672821,0.214052961635893,0,-30.233584,avoid,8,44.2975942777086,-28.4565467834467,0,0
188,2.32667181094808,0.23666409452596,0,-35,avoid,9,44.1319982921916,-24.9412651061992,0,0
189,2.27081426069682,0.264592869651592,0,-28.483412,avoid,11,44.0129782811233,-20.6803760528591,0,0
190,2.37744276163266,0.211278619183671,0,-22.480484,avoid,12,43.9212659761388,-16.3151359558137,0,0
191,2.50794047311093,0.146029763444533,0,-28.94891,avoid,3,43.7981794282161,-12.1723518371604,0,0
192,2.47495936246586,0.162520318767069,0,-35,avoid,1,43.6732115655195,-7.83158493041832,0,0
193,2.38685993113273,0.206570034433635,0,-35,avoid,1,43.610041550297,-3.22375679015684,0,0
194,2.37103375426074,0.214483122869632,0,-28.64072,avoid,12,43.5933049594235,2.11969727277497,0,0
195,2.48185197562371,0.159074012188145,0,-35,avoid,1,43.5912304959939,7.31941127777706,0,0
196,2.40089231853226,0.199553840733868,0,-27.209156,avoid,10,43.6094005797671,13.6202259063743,0,0
197,2.49204766986207,0.153976165068964,0,-30.1171272230918,avoid,2,43.6616350264355,18.9491653442397,0,0
198,2.4794157287387,0.160292135630649,0,-23.4468192230918,avoid,6,43.7196679405128,23.6840114593524,0,0
199,2.55009507523206,0.124952462383968,0,-16.3255272230918,avoid,3,43.8043709862683,28.5816802978485,0,0
200,2.59462900469406,0.102685497652972,0,-8.78103722309179,avoid,6,43.8845589908947,32.2889747619624,0,0
201,2.60303230830178,0.0984838458491082,0,-1.47717122309179,avoid,6,43.9428483022193,34.3944549560557,0,0
202,2.57686342067429,0.111568289662855,0,4.52612277690821,avoid,6,43.9820989989166,35.2894439697277,0,0
203,2.53188889876237,0.134055550618814,0,10.6119587769082,avoid,4,43.9992042432208,35.1243782043488,0,0
204,2.48765869110929,0.156170654445357,0,16.7093627769082,avoid,14,43.9960686722078,34.2297172546383,0,0
205,2.43216226911599,0.183918865442006,0,22.8904067769082,avoid,8,43.9643201072818,32.2001380920418,0,0
206,2.39261448274777,0.203692758626114,0,29.0494847769082,avoid,9,43.9126489260633,29.7592697143497,0,0
207,2.34069526136082,0.229652369319589,0,35,avoid,9,43.8296507277357,26.3802108764629,0,0
208,2.27633464433898,0.26183267783051,0,35,avoid,10,43.6946554837143,21.4151954650832,0,0
209,2.31082171259444,0.244589143702782,0,35,avoid,10,43.5586057317478,16.8180875778261,0,0
210,2.37508951200579,0.212455243997105,0,35,avoid,12,43.3877026770576,11.5229091644294,0,0
211,2.42348830478232,0.188255847608842,0,35,avoid,9,43.2127761036287,6.49272012710778,0,0
212,2.46374016599851,0.168129917000747,0,35,avoid,9,43.001560887582,0.798370361328648,0,0
213,2.48418600349577,0.157906998252116,0,28.689668,avoid,1,42.8036965041782,-4.25784635543506,0,0
214,2.55331285227242,0.123343573863788,0,22.04273,avoid,3,42.547014750294,-9.99168586731215,0,0
215,2.62322007225439,0.088389963872803,0,15.556526,avoid,6,42.3234643962035,-13.9580869674663,0,0
216,2.59033107217964,0.10483446391018,0,8.938166,avoid,8,42.0187822336496,-17.8154659271234,0,0
217,2.56435650664531,0.117821746677345,0,-0.412137999999995,avoid,1,41.6822673996314,-20.6303863525408,0,0
218,2.51968143633533,0.140159281832336,0,-9.50099199999999,avoid,1,41.3381604862453,-21.6676464080806,0,0
219,2.45180376788158,0.174098116059208,0,-20.647612,avoid,1,41.0354547052051,-20.7179126739503,0,0
220,2.41520513816257,0.192397430918716,0,-29.133712,avoid,1,40.8710327944947,-18.8833274841345,0,0
221,2.34745159284771,0.226274203576146,0,-35,avoid,1,40.7608495011014,-16.2221794128417,0,0
222,2.2435006016827,0.278249699158648,0,-35,avoid,1,40.690169811823,-12.0529975891148,0,0
223,2.25604922344951,0.271975388275247,0,-35,avoid,1,40.6720648465281,-7.20520973205645,0,0
224,2.32795568992302,0.236022155038492,0,-35,avoid,1,40.6785989199917,-2.27127146721201,0,0
225,2.3955814001198,0.202209299940102,0,-35,avoid,1,40.7044047135065,2.57989490031992,0,0
226,2.45457255357632,0.172713723211842,0,-28.40909,avoid,7,40.7638358875965,8.70067644119417,0,0
227,2.55556753294267,0,0.425927922157111,-22.103996,emergency_stop,5,40.8256456300534,13.3409233093275,0,0
228,2.53358888977491,0,0.422264814962485,-16.076888,emergency_stop,2,40.8868012088497,17.4941596984918,0,0
229,2.37088815343554,0,0.39514802557259,-17.0423344914608,emergency_stop,1,40.9313458350032,20.1271858215343,0,0
230,2.11496501396681,0,0.352494168994468,-10.2556624914608,emergency_stop,8,40.9821639705273,22.6653861999501,0,0
231,1.91400517982971,0,0.319000863304952,-4.15489849146082,emergency_stop,7,41.026924623019,24.4488983154309,0,0
232,1.7176901546095,0,0.286281692434917,2.14924750853918,emergency_stop,8,41.0554219069737,25.3191165924131,0,0
233,1.52579120181831,0,0.254298533636384,8.44890550853918,emergency_stop,8,41.0684501332624,25.4722061157273,0,0
234,1.34198354751585,0,0.223663924585976,14.7046195085392,emergency_stop,8,41.0680681978861,25.1018867492636,0,0
235,0.00184209804628805,0,0.000307016341048008,20.9656495085392,emergency_stop,8,41.0612116084583,24.4780979156404,0,0
236,0.000290539720913088,0,4.8423286818848e-05,27.9484375085392,emergency_stop,15,41.0613019146811,24.4782657623206,0,0
237,0.000198131457659528,0,3.30219096099214e-05,34.6978975085392,emergency_stop,14,41.0613073335228,24.4781436920405,0,0
238,6.68987294217431e-05,0,1.11497882369572e-05,35,emergency_stop,14,41.0613236193254,24.4780464172603,0,0
239,2.15279757291586e-05,0,3.58799595485976e-06,28.851476,emergency_stop,1,41.0613242951067,24.4780616760159,0,0
240,2.57977934025253e-05,0,4.29963223375421e-06,22.692164,emergency_stop,2,41.0613276875077,24.4780731201077,0,0
241,1.35267276462102e-05,0,2.25445460770169e-06,17.4120455220598,emergency_stop,2,41.0613337965107,24.4780941009427,0,0
242,8.24940713814016e-06,0.299995875296431,0,17.4120273591392,brake,2,41.0613297216502,24.4780941009427,0,0
243,0.021926875558564,0.289036562220718,0,11.3744913591392,brake,1,41.0614574363222,24.4861621856595,0,0
244,0.097140293753059,0.25142985312347,0,5.28898382560989,brake,1,41.061200626918,24.4698791503812,0,0
245,0.223426085158312,0.188286957420844,0,11.4711618256099,brake,3,41.0601379753464,24.4068565368559,0,0
246,0.337438952758139,0.131280523620931,0,6.17806396862394,brake,1,41.0573999082961,24.2417049408022,0,0
247,0.473750208235938,0.0631248958820312,0,5.74208890139344,brake,1,41.0532990715742,23.9993534088198,0,0
248,0.51748727405451,0.0412563629727448,0,11.9834869013934,brake,3,41.0504927145757,23.8163528442286,0,0
249,0.523347991668595,0.0383260041657025,0,18.1669729013934,brake,3,41.0459947489099,23.5571193694972,0,0
250,0.499245483399833,0.0503772583000835,0,24.5955829013934,brake,4,41.0376465541166,23.1582775116034,0,0
251,0.471406557234803,0.0642967213825985,0,30.8708389013934,brake,4,41.0243726130728,22.5644512176519,0,0
252,0.450530391300084,0.0747348043499582,0,35,brake,9,41.0073676764948,21.8306407928489,0,0
253,0.435409301705431,0.0822953491472846,0,35,brake,8,40.9859700465152,20.9389457702546,0,0
254,0.442039096051556,0.0789804519742221,0,35,brake,8,40.9602748447279,19.9026126861482,0,0
255,0.44970870236427,0.075145648817865,0,35,brake,14,40.935224242207,18.9155979156424,0,0
256,0.449367484100917,0.0753162579495414,0,35,brake,8,40.9111035833569,17.9862098693757,0,0
257,0.44831288531529,1,0,28.953914,avoid,4,40.8857358734663,17.0329456329351,0,0
258,0.48657372855077,1,0,34.972376,avoid,13,40.8603420325739,16.114943504337,0,0
259,0.75992335032209,1,0,35,avoid,13,40.8278441792548,14.9361848831212,0,0
260,1.24598164660105,0.777009176699474,0,35,avoid,12,40.7690186570758,12.8274803161626,0,0
261,1.84237587530284,0.478812062348581,0,35,avoid,10,40.6608249393019,9.21041870117516,0,0
262,2.2866538059275,0.256673097036249,0,28.427306,avoid,1,40.5093165169808,4.50131225585878,0,0
263,2.63805123846481,0,0.339675206410802,21.823148,brake,4,40.3005678770288,-0.998333059740503,0,0
264,2.72425548689986,0,0.354042581149977,15.39242,brake,5,40.115609698701,-4.98141859124342,0,0
265,2.60026249190626,0,0.333377081984376,9.365456,brake,5,39.9336391521994,-8.0759097299851,0,0
266,2.42471696273643,0,0.304119493789405,3.137498,brake,5,39.7754567131591,-10.0207859654751,0,0
267,2.20846119831079,0,0.268076866385132,-3.23707,brake,1,39.6222289300179,-8.75967789777545,0,0
268,2.00449287146812,0,0.234082145244687,3.026024,brake,8,39.5084226172635,-8.86012688084679,0,0
269,1.76622023830501,0,0.194370039717502,9.69569,brake,9,39.3902411400863,-8.84968986912594,0,0
270,1.6068641031903,0,0.167810683865049,2.103356,brake,4,39.2999570590888,-9.30708828373875,0,0
271,1.45178767937704,0,0.141964613229507,8.107964,brake,8,39.2071229628972,-9.93831291600515,0,0
272,1.31261219004177,0,0.118768698340294,10.0791990194513,brake,8,39.1292387439033,-10.2720245401305,0,0
273,0.000191251096001257,0.299904374451999,0,9.91246724298031,brake,8,39.0965279629672,-10.5026754419365,0,0
274,0.0315059186319734,0.284247040684013,0,16.2412792429803,brake,14,39.0950078827801,-10.5188163797394,0,0
275,0.190052880426884,0.204973559786558,0,22.2440872429803,brake,10,39.0880438327361,-10.6008810083419,0,0
276,0.33898771387762,0.13050614306119,0,28.8189952429803,brake,15,39.0659729175556,-10.961261181091,0,0
277,0.402707917745693,0.0986460411271536,0,22.1674432429803,brake,1,39.0327523032354,-6.94633885634162,0,0
278,0.450345762476008,1,0,15.4453252429803,avoid,1,38.991638683435,-7.72752686751105,0,0
279,0.538705412624803,1,0,8.73183524298031,avoid,1,38.9495075698186,-8.33869858992316,0,0
280,0.925113782138788,0.937443108930606,0,2.10983924298031,avoid,1,38.8996509828143,-8.84925576460578,0,0
281,1.61428981498157,0,0.169048302496928,-4.56192675701969,brake,2,38.8111824207419,-9.26453896774125,0,0
282,2.23124839446167,0,0.271874732410278,-11.1916447570197,brake,1,38.687149578091,-9.07633195644187,0,0
283,2.28442173540422,0,0.280736955900703,-17.6727727570197,brake,2,38.5784834245511,-8.19169608875728,0,0
284,2.10852464133406,0,0.251420773555676,-24.3130267570197,brake,1,38.4899333159065,-1.67409403519794,0,0
285,1.88763574417747,0,0.214605957362912,-30.9645007570197,brake,1,38.4392765994329,0.884042719793457,0,0
286,1.66920691936803,0,0.178201153228005,-35,brake,1,38.4257724212912,3.96360872168516,0,0
287,1.18246895068063,0,0.0970781584467713,-35,brake,1,38.4481706729189,7.40169761558167,0,0
288,0.00103139166817779,0.299484304165911,0,-35,brake,1,38.4648601209612,8.52541778465189,0,0
289,0.0309923576066355,0.284503821196682,0,-35,brake,1,38.4652171248661,8.56985137840189,0,0
290,0.198208770515206,0.200895614742397,0,-35,brake,1,38.4679665014983,8.87701080223001,0,0
291,0.308513665037363,0.145743167481318,0,-35,brake,1,38.4744833251747,9.48071000953592,0,0
292,0.42273793178593,0.0886310341070351,0,-28.38506,brake,15,38.4844488837475,10.3210422791968,0,0
293,0.493726498020729,0.0531367509896354,0,-21.870014,brake,15,38.4958094663889,11.3308695353995,0,0
294,0.528372505352652,0.0358137473236741,0,-15.510086,brake,15,38.5015450004199,12.0744915403853,0,0
295,0.53594919569108,0.0320254021544601,0,-8.85479,brake,15,38.5025035914643,12.7000408120709,0,0
296,0.525746848717207,0.0371265756413963,0,-2.314022,brake,15,38.498604368505,13.1214941092091,0,0
297,0.427689844047466,0.086155077976267,0,14.92972,brake,15,38.4833586870313,13.7693932451772,0,0
298,0.412982193498463,0.0935089032507684,0,21.341074,brake,14,38.4725517822476,13.7448768415026,0,0
299,0.417395093300024,0.091302453349988,0,28.040806,brake,14,38.4562995679973,13.4601654209588,0,0
300,0.42250480830431,0.088747595847845,0,34.705942,brake,15,38.434063996631,17.5668613152814,0,0
301,0.417619606134996,0.0911901969325022,0,35,brake,14,38.4068800802135,16.7767307000276,0,0
302,0.442841128554969,0,0.0738068547591615,35,wait,14,38.3723747403584,15.69985703994,0,0
303,0.000121785253246048,0,2.02975422076746e-05,35,wait,14,38.3615610290703,15.3737153248903,0,0
304,0.000151320791753471,0,2.52201319589118e-05,35,wait,14,38.3614755231477,15.3733796315309,0,0
305,8.83827021370054e-05,0,1.47304503561676e-05,35,wait,15,38.3614089488738,15.3731354909254,0,0
306,1.44183004313337e-05,0,2.40305007188895e-06,35,wait,15,38.3613761193512,15.373043938191,0,0
307,3.36474510167858e-05,0,5.60790850279764e-06,35,wait,15,38.3613594757842,15.3729826646162,0,0
308,1.91516750392317e-05,0,3.19194583987195e-06,35,wait,15,38.3613432898295,15.3729218678785,0,0
309,1.08626569964799e-05,0,1.81044283274665e-06,35,wait,13,38.3613423746057,15.3728911118739,0,0
310,4.80838500108816e-06,0,8.01397500181359e-07,35,wait,13,38.3613271038749,15.3728911118739,0,0
311,3.79398792318634e-06,0,6.32331320531056e-07,35,wait,12,38.3613271038749,15.3728608327152,0,0
312,6.76278652744473e-07,0,1.12713108790745e-07,35,wait,12,38.3613266462631,15.3728608327152,0,0
313,3.26949144170585e-07,0,5.44915240284308e-08,35,wait,12,38.3613266462631,15.3728608327152,0,0
314,2.25309704956333e-07,0,3.75516174927222e-08,35,wait,14,38.3613266462631,15.3728608327028,0,0
315,1.51898561672943e-07,0,2.53164269454904e-08,35,wait,13,38.3613266462631,15.3728608327143,0,0
316,8.94925402759016e-08,0,1.49154233793169e-08,35,wait,12,38.3613266462631,15.3728608327152,0,0
317,6.8904089010777e-08,0,1.14840148351295e-08,35,wait,15,38.3613266462631,15.3728608327222,0,0
318,2.3019271740652e-08,0,3.83654529010866e-09,35,wait,14,38.3613266462631,15.3728608327028,0,0
319,1.32750346736343e-08,0,2.21250577893905e-09,35,wait,15,38.3613266462631,15.3728608327222,0,0
320,2.28439078869369e-08,0,3.80731798115614e-09,35,wait,14,38.3613266462631,15.3728608327028,0,0
321,5.49572671930883e-08,0,9.15954453218139e-09,35,wait,14,38.3613266462631,15.3728608327028,0,0
322,3.70123795980094e-08,0,6.16872993300156e-09,35,wait,13,38.3613266462631,15.3728608327143,0,0
323,1.2464949796159e-08,0,2.07749163269316e-09,35,wait,10,38.3613266462631,15.3728608327164,0,0
324,5.04795132010812e-08,0,8.41325220018021e-09,35,wait,15,38.3613266462631,15.3728608327222,0,0
325,4.0583554594964e-08,0,6.76392576582733e-09,35,wait,9,38.3613266462631,15.3728608327077,0,0
326,1.52401349199293e-08,0,2.54002248665488e-09,35,wait,9,38.3613266462631,15.3728608327077,0,0
327,9.057016940682e-09,0,1.509502823447e-09,35,wait,9,38.3613266462631,15.3728608327077,0,0
328,1.66576036053861e-08,0,2.77626726756434e-09,35,wait,9,38.3613266462631,15.3728608327077,0,0
329,2.37108716334341e-08,0,3.95181193890569e-09,35,wait,8,38.3613266462631,15.3728608327184,0,0
330,1.18899144923875e-08,0,1.98165241539792e-09,35,wait,8,38.3613266462631,15.3728608327184,0,0
331,5.56074374490879e-08,0,9.26790624151465e-09,35,wait,8,38.3613266462631,15.3728608327184,0,0
332,2.42992983680999e-08,0,4.04988306134998e-09,35,wait,8,38.3613266462631,15.3728608327184,0,0
333,1.33749905108827e-08,0,2.22916508514711e-09,35,wait,8,38.3613266462631,15.3728608327184,0,0
334,1.94236463674825e-08,0,3.23727439458042e-09,35,wait,8,38.3613266462631,15.3728608327184,0,0
335,7.60597427545253e-08,0,1.26766237924209e-08,35,wait,8,38.3613266462631,15.3728608327184,0,0
336,2.54354616642843e-08,0,4.23924361071406e-09,35,wait,8,38.3613266462631,15.3728608327184,0,0
337,2.78564082500536e-08,0,4.64273470834227e-09,35,wait,8,38.3613266462631,15.3728608327184,0,0
338,8.62697090885626e-09,0,1.43782848480938e-09,35,wait,8,38.3613266462631,15.3728608327184,0,0
339,2.41161437473527e-08,0,4.01935729122545e-09,35,wait,8,38.3613266462631,15.3728608327184,0,0
340,1.37468889937254e-08,0,2.2911481656209e-09,35,wait,8,38.3613266462631,15.3728608327184,0,0
341,4.13580274184357e-08,0,6.89300456973928e-09,35,wait,8,38.3613266462631,15.3728608327184,0,0
342,3.27050637701419e-08,0,5.45084396169032e-09,35,wait,8,38.3613266462631,15.3728608327184,0,0
343,1.08918526855557e-08,0,1.81530878092594e-09,35,wait,8,38.3613266462631,15.3728608327184,0,0
344,5.51424790053715e-08,0,9.19041316756192e-09,35,wait,8,38.3613266462631,15.3728608327184,0,0
345,3.88588005726018e-08,0,6.47646676210031e-09,35,wait,8,38.3613266462631,15.3728608327184,0,0
346,6.84968202901466e-10,0,1.14161367150244e-10,35,wait,8,38.3613266462631,15.3728608327184,0,0
347,3.32608734218029e-10,0,5.54347890363381e-11,35,wait,8,38.3613266462631,15.3728608327184,0,0
348,2.01572067023868e-09,0,3.35953445039781e-10,35,wait,8,38.3613266462631,15.3728608327184,0,0
349,0,0,-0,35,wait,8,38.3613266462631,15.3728608327184,0,0
350,4.47008735734436e-08,0,7.45014559557394e-09,35,wait,8,38.3613266462631,15.3728608327184,0,0
351,7.17088245975498e-09,0,1.19514707662583e-09,35,wait,8,38.3613266462631,15.3728608327184,0,0
352,1.16700842982783e-08,0,1.94501404971306e-09,35,wait,8,38.3613266462631,15.3728608327184,0,0
353,4.12740669003748e-08,0,6.87901115006247e-09,35,wait,8,38.3613266462631,15.3728608327184,0,0
354,4.52289395299019e-08,0,7.53815658831699e-09,35,wait,8,38.3613266462631,15.3728608327184,0,0
355,7.85878833710406e-09,0,1.30979805618401e-09,35,wait,8,38.3613266462631,15.3728608327184,0,0
356,3.47542612689072e-08,0,5.7923768781512e-09,35,wait,8,38.3613266462631,15.3728608327184,0,0
357,5.89788706400986e-08,0,9.82981177334977e-09,35,wait,8,38.3613266462631,15.3728608327184,0,0
358,4.85378484559207e-08,0,8.08964140932012e-09,35,wait,8,38.3613266462631,15.3728608327184,0,0
359,2.93268215472224e-08,0,4.88780359120373e-09,35,wait,13,38.3613266462631,15.3728608327143,0,0
360,2.39400704101447e-09,0,3.99001173502412e-10,35,wait,13,38.3613266462631,15.3728608327143,0,0
361,6.44011675515826e-08,0,1.07335279252638e-08,28.914284,wait,4,38.3613266462631,15.372860832712,0,0
362,2.12815340936418e-08,0,3.5469223489403e-09,28.1044755682411,wait,6,38.3613266462631,15.3728608327101,0,0
363,6.59460948410482e-09,0,1.09910158068414e-09,28.1044755682411,wait,6,38.3613266462631,15.3728608327101,0,0
364,1.21149111575842e-08,0,2.01915185959737e-09,34.6521375682411,wait,8,38.3613266462631,15.3728608327184,0,0
365,6.56873120202866e-09,0.299999996715634,0,35,brake,8,38.3613266462631,15.3728608327184,0,0
366,0.0306179816908302,0.284691009154585,0,35,brake,8,38.3608765769751,15.3582429127966,0,0
367,0.0722679746701652,0.263866012664917,0,35,brake,8,38.3589951797503,15.295560284165,0,0
368,0.203843834528184,0.198078082735908,0,35,brake,8,38.3485716227948,14.9714018540655,0,0
369,0.320542455569167,0.139728772215416,0,35,brake,8,38.3278375101317,14.3360256390844,0,0
370,0.409272396425413,0.0953638017872937,0,35,brake,8,38.2974739415235,13.4068562226568,0,0
371,0.456265428032251,0.0718672859838746,0,35,brake,8,38.2608139336279,12.3262283044134,0,0
372,0.481354365531708,0.0593228172341462,0,35,brake,8,38.2202105674367,11.1358873086248,0,0
373,0.489283890758895,0.0553580546205525,0,35,brake,8,38.1779733696111,9.91673771908624,0,0
374,0.490184992048157,0.0549075039759213,0,34.8684054602029,brake,8,38.1344142272843,8.67576710751397,0,0
375,0.486777009946071,0.0566114950269643,0,32.6774421127782,brake,8,38.0898478535338,7.42430035641534,0,0
376,0.490886958965376,0.0545565205173118,0,26.1084201127782,brake,4,38.0458679214909,6.24753872921162,0,0
377,0.498041420870882,0.0509792895645592,0,19.3880541127782,brake,4,38.0019763765402,5.20514790584736,0,0
378,0.508151911820519,0.0459240440897407,0,26.0470101127782,brake,8,37.9632192137543,4.45654980709893,0,0
379,0.481008228718655,1,0,27.6387947106096,avoid,8,37.9257334284574,3.74689595272882,0,0
380,0.528798438965983,1,0,21.0999347106096,avoid,4,37.8837190555323,2.82810227443867,0,0
381,0.920299796052939,0.939850101973531,0,14.5141607106096,avoid,1,37.8249016438819,1.70060364773102,0,0
382,1.58503622046961,0.607481889765195,0,21.0770327106096,avoid,15,37.7330096383553,0.343154116166663,0,0
383,2.1623680718711,0.318815964064452,0,27.6520487106096,avoid,12,37.5958130814263,3.04131269563988,0,0
384,2.4972888699137,0.15135556504315,0,34.2508727106096,avoid,11,37.374645514918,-0.805325436507127,0,0
385,2.53759999136928,0.131200004315362,0,35,avoid,13,37.1292548099712,-5.78401797654384,0,0
386,2.52068071209442,0.139659643952789,0,28.467104,avoid,3,36.890219553651,-11.1098433629054,0,0
387,2.59135536304516,0.10432231847742,0,21.86258,avoid,4,36.6343770114656,-16.360790721603,0,0
388,2.63530558011122,0.08234720994439,0,15.24074,avoid,3,36.358546064677,-16.0535749344408,0,0
389,2.6342983479748,0.0828508260126024,0,8.612204,avoid,5,36.0713497741916,-19.4311001675772,0,0
390,2.61185674202785,0.0940716289860766,0,2.611004,avoid,4,35.8320493299445,-21.3535360143863,0,0
391,2.57250724887199,0.113746375564003,0,-3.45133,avoid,1,35.603649926044,-22.3060047040405,0,0
392,2.51729543381384,0.141352283093082,0,-10.286782,avoid,1,35.3537725932886,-17.6961260380161,0,0
393,2.46181627938326,0.169091860308368,0,-16.770274,avoid,1,35.1138973041793,-16.7773830128948,0,0
394,2.41631038105822,0.29184480947089,0,-22.771492,replan,8,34.9255974377379,-15.1587193057409,0,0
395,2.38699093608673,0.306504531956636,0,-28.884946,replan,8,34.7697124691994,-8.05638700786174,0,0
396,2.37665832770829,0.311670836145857,0,-22.120564,replan,11,34.6399933195633,-4.58662181152623,0,0
397,2.54433967587908,0.127830162060462,0,-15.387736,avoid,12,34.5183338953379,-0.404195401858394,0,0
398,2.67914760955604,0.0604261952219793,0,-8.875156,avoid,8,34.3784902917022,3.02150325820373,0,0
399,2.69831466427749,0.050842667861255,0,-11.0815552039675,avoid,7,34.224763839392,9.86576064692181,0,0
400,2.6256076451121,0.0871961774439509,0,-17.6509552039675,avoid,1,34.0707975810921,11.702070521558,0,0
401,2.52014827039244,0.139925864803782,0,-24.1919272039675,avoid,1,33.9470799514808,13.668703860373,0,0
402,2.40900200971487,0.195498995142563,0,-17.5355152039675,avoid,8,33.8579313597145,21.3541091155988,0,0
403,2.43468231931256,0.18265884034372,0,-11.5342432039675,avoid,8,33.8096103695603,24.1509730245757,0,0
404,2.48802290736066,0.155988546319669,0,-5.26580320396753,avoid,8,33.7463011400415,26.3742459890312,0,0
405,2.52531544546334,0.137342277268332,0,1.26879079603247,avoid,11,33.6630503375959,27.7376915664943,0,0
406,2.52691422997654,0.136542885011731,0,7.90151479603247,avoid,8,33.54900211808,30.0587151104315,0,0
407,2.50374354329826,0.14812822835087,0,14.5343347960325,avoid,8,33.4279389205259,32.1553436307293,0,0
408,2.46248381994174,0.168758090029131,0,21.1349467960325,avoid,8,33.2930247880079,30.6075441414037,0,0
409,2.40652414779522,0.19673792610239,0,27.7906867960325,avoid,8,33.1132284610062,27.7351145854737,0,0
410,2.35283489367244,0.223582553163781,0,34.3899127960325,avoid,8,32.9241804197092,28.8289572745869,0,0
411,2.28724635106346,0.256376824468269,0,35,avoid,8,32.727583914436,24.5901400596227,0,0
412,2.28792043002543,0.256039784987283,0,35,avoid,8,32.5416559878158,20.1666399985875,0,0
413,2.3381235652597,0.23093821737015,0,34.9600125223378,avoid,8,32.3460563071943,15.5520083457561,0,0
414,2.39840379540093,0.200798102299536,0,29.8373261030349,avoid,8,32.1128749297201,10.1742083579611,0,0
415,2.51054982516975,0.144725087415125,0,35,avoid,14,31.8563987350185,9.60397614060568,0,0
416,2.43873928033949,0.180630359830254,0,35,avoid,14,31.5705360978834,3.68623945492693,0,0
417,2.43288459846149,0.183557700769256,0,28.403498,avoid,1,31.3389121208748,-1.38345252291262,0,0
418,2.50622432552113,0.146887837239434,0,21.806324,avoid,1,31.1370865186807,-5.55872336300103,0,0
419,2.58989651102503,0.105051744487484,0,15.176012,avoid,1,30.8538071566876,-5.19499899792493,0,0
420,2.62238462384964,0.0888076880751787,0,21.826874,avoid,15,30.5607006083237,-8.62002042236167,0,0
421,2.54047187579877,0.129764062100614,0,15.118418,avoid,7,30.2967022165102,-11.2117096514391,0,0
422,2.52363403582631,0.138182982086844,0,8.534342,avoid,1,29.997055561453,-14.4281760495863,0,0
423,2.52639041061297,0.136804794693513,0,1.905002,avoid,6,29.6998708710253,-11.9587394407654,0,0
424,2.51717091827893,0.141414540860533,0,-4.685326,avoid,5,29.4325875748894,-12.8750199992866,0,0
425,2.49496271961089,0.152518640194555,0,-11.240374,avoid,2,29.1712941526566,-12.7968376660756,0,0
426,2.46019583537147,0.269902082314266,0,-17.919622,replan,8,28.8872861357224,-6.93285197255092,0,0
427,2.43871089081595,0.280644554592026,0,-11.259568,replan,15,28.6182077353377,-4.81853512329652,0,0
428,2.53791818186622,0.231040909066891,0,-17.980198,replan,1,28.3882728114704,-2.47978757126669,0,0
429,2.57801977049201,0.210990114753995,0,-11.444104,replan,9,28.1213930023218,1.86760311450658,0,0
430,2.66888565012225,0.065557174938873,0,-4.907242,avoid,14,27.8429408806938,7.19342689916156,0,0
431,2.70647976374884,0.0467601181255795,0,1.566632,avoid,10,27.5934136485444,8.73793280829663,0,0
432,2.6544435884076,0.0727782057961979,0,8.182442,avoid,15,27.3378780718375,8.99461799829921,0,0
433,2.55723869875798,0.121380650621012,0,1.775846,avoid,4,27.0490548859154,12.918670750221,0,0
434,2.50980349568088,0.145098252159561,0,-4.80923199999999,avoid,4,26.8006711569908,12.0018027786124,0,0
435,2.46803198353748,0.165984008231261,0,-11.496022,avoid,6,26.5312743469568,12.0855255104202,0,0
436,2.43739435976877,0.181302820115613,0,-18.026812,avoid,5,26.2793251282727,17.8060804849482,0,0
437,2.39468744979934,0.202656275100331,0,-11.29132,avoid,6,26.0366852214594,20.1863404839614,0,0
438,2.45103600593399,0.174481997033005,0,-4.712554,avoid,8,25.8404939885573,22.3463514285765,0,0
439,2.50012253809685,0.149938730951577,0,-11.374276,avoid,1,25.6026924790508,23.7762576194587,0,0
440,2.49527763729971,0.152361181350144,0,-4.617472,avoid,15,25.3630691325169,27.1889692687986,0,0
441,2.51187104864727,0.144064475676366,0,1.981256,avoid,12,25.1360199163418,28.5197950744629,0,0
442,2.50408091603688,0.147959541981559,0,8.613572,avoid,11,24.8950584314719,28.7919508361816,0,0
443,2.48170795245544,0.15914602377228,0,1.974182,avoid,1,24.6488696610861,28.1221281433106,0,0
444,2.4866712942134,0.156664352893301,0,8.687024,avoid,8,24.397287817889,27.2183233642578,0,0
445,2.47124002721019,0.164379986394904,0,15.302168,avoid,8,24.144637996103,26.5228315734863,0,0
446,2.43585905523778,0.182070472381112,0,21.954734,avoid,6,23.8893409715813,24.7160650634768,0,0
447,2.39634960728563,0.201825196357184,0,15.303542,avoid,3,23.6267999246043,21.9879995727539,0,0
448,2.45189883834249,0.174050580828755,0,21.905096,avoid,8,23.3987767018651,19.3881307983399,0,0
449,2.43957446522441,0.280212767387795,0,28.522496,replan,7,23.1335442879455,16.6625677490235,0,0
450,2.40148864327155,0.299255678364223,0,21.922544,replan,6,22.8744894625283,13.0032049560546,0,0
451,2.53210795157164,0.233946024214178,0,15.460316,replan,6,22.6098478419409,8.95287384033208,0,0
452,2.65971108074227,0.170144459628864,0,22.002116,replan,15,22.3508964856173,6.10520996093754,0,0
453,2.65511613846979,0.172441930765106,0,15.42941,replan,8,22.0620907835049,2.97853149414054,0,0
454,2.71755814344513,0.141220928277437,0,8.76855200000001,replan,1,21.7717317969728,-0.165740356445338,0,0
455,2.74948016215201,0.125259918923993,0,2.16386600000001,replan,1,21.4653625843877,-2.42291961669929,0,0
456,2.74093302352912,0.0295334882354406,0,-4.49201199999999,avoid,1,21.1554255686719,-3.33780609130862,0,0
457,2.68170556905774,0.0591472154711279,0,-11.089462,avoid,1,20.8823057165307,-3.17604003906249,0,0
458,2.57028162033999,0.114859189830006,0,-17.634346,avoid,1,20.5840583257559,-1.99781738281251,0,0
459,2.47253475515751,0.163732622421247,0,-24.10954,avoid,1,20.3385700949784,-0.150145874023453,0,0
460,2.36760307627425,0.216198461862877,0,-30.66313,avoid,1,20.0696592517402,3.09556640624997,0,0
461,2.30870101012221,0.245649494938896,0,-35,avoid,1,19.865015486869,6.60417999267577,0,0
462,2.25781758923446,0.27109120538277,0,-28.338014,avoid,6,19.6455581773651,12.3192831420899,0,0
463,2.40067729363755,0.199661353181224,0,-21.673154,avoid,6,19.4724139951245,17.3200994873047,0,0
464,2.53652672198264,0.131736639008681,0,-15.0368,avoid,1,19.281205466403,21.3577124023438,0,0
465,2.60885859460998,0.0955707026950119,0,-8.438264,avoid,1,19.0959448859264,24.1629873657225,0,0
466,2.62368338385954,0.0881583080702302,0,-1.93112,avoid,13,18.8697741878323,26.2374082946777,0,0
467,2.58694979354608,0.10652510322696,0,4.790248,avoid,14,18.6340491368388,27.2008444213866,0,0
468,2.52481158484825,0.137594207575874,0,11.45251,avoid,13,18.3900509290509,27.0837751770017,0,0
469,2.46711637082882,0.166441814585588,0,17.991064,avoid,14,18.1485790252486,25.9870611572266,0,0
470,2.41151907912954,0.19424046043523,0,24.57379,avoid,15,17.900751193485,23.9084707641601,0,0
471,2.35326965500755,0.223365172496226,0,31.26727,avoid,15,17.6296186260768,20.6186758422849,0,0
472,2.31084725741045,0.244576371294777,0,35,avoid,14,17.3790067325449,16.626671447754,0,0
473,2.28382550639018,0.258087246804911,0,35,avoid,8,17.142540694665,11.7395635986327,0,0
474,2.32607531683664,0.236962341581678,0,35,avoid,15,16.9362304348816,6.90280975341812,0,0
475,2.38636962667644,0.206815186661782,0,35,avoid,15,16.6963967772702,1.04901947021464,0,0
476,2.43126132048693,0.184369339756537,0,35,avoid,12,16.4957753742864,-4.08267913818362,0,0
477,2.46549104038044,0.167254479809781,0,35,avoid,15,16.2810804438741,-9.929679260254,0,0
478,2.48232141247887,0.158839293760567,0,35,avoid,15,16.0839432878151,-15.7795404052734,0,0
479,2.49027268462716,0.154863657686422,0,35,avoid,15,15.9098843173043,-21.5387033081053,0,0
480,2.49295298234904,0.15352350882548,0,35,avoid,15,15.7643629844429,-27.0385278320313,0,0
481,2.49596929374012,0.152015353129941,0,35,avoid,15,15.6378301555162,-32.6953347778319,0,0
482,2.4954096468585,0.152295176570749,0,28.408154,avoid,15,15.5364516172466,-38.3601373291013,0,0
483,2.57257042176039,0.113714789119804,0,21.929702,avoid,15,15.44099431396,-43.8048547363281,0,0
484,2.62258535617964,0.0887073219101813,0,15.275444,avoid,15,15.3372508923181,-48.0326379394531,0,0
485,2.63331561977846,0.083342190110768,0,8.61566,avoid,15,15.2316256038958,-51.0148156738281,0,0
486,2.60969791686812,0.0951510415659418,0,1.938782,avoid,15,15.1069921712233,-53.0591882324218,0,0
487,2.5648723503262,0.117563824836901,0,-4.630564,avoid,15,14.9740347507182,-53.9597314453124,0,0
488,2.51335558460012,0.143322207699941,0,-11.286064,avoid,10,14.8267534957051,-53.8107598876952,0,0
489,2.46575836856012,0.167120815719942,0,-17.777062,avoid,11,14.6675286980472,-52.7087091064453,0,0
490,2.41911821130186,0.190440894349071,0,-24.348778,avoid,8,14.4862358374615,-50.5730126953125,0,0
491,2.37599863046852,0.212000684765741,0,-30.925162,avoid,8,14.2891610001878,-47.5330804443358,0,0
492,2.32807920587035,0.235960397064825,0,-35,avoid,8,14.0683430009671,-43.4897454833984,0,0
493,2.28548025260712,0.25725987369644,0,-35,avoid,8,13.8443963834907,-38.622451171875,0,0
494,2.33979585807648,0.230102070961759,0,-35,avoid,8,13.6026738741927,-33.0557092285158,0,0
495,2.39319326209371,0.203403368953144,0,-35,avoid,8,13.3836681253562,-28.0714562988281,0,0
496,2.44098923452643,0.179505382736786,0,-35,avoid,8,13.1295970940122,-22.3345788574219,0,0
497,2.47124758581668,0.16437620709166,0,-35,avoid,8,12.8615915841548,-16.267928466797,0,0
498,2.48277730388061,0.158611348059696,0,-35,avoid,5,12.6103279058902,-10.5029214477539,0,0
499,2.48674842223129,0.156625788884353,0,-35,avoid,3,12.3631781160734,-4.68867431640618,0,0
500,2.4879032277811,0.156048386109449,0,-35,avoid,3,12.1284169560512,1.04849304199222,0,0
501,2.48444666932346,0.157776665338272,0,-35,avoid,3,11.9248889850904,6.27525390625,0,0
502,2.47851660436001,0.160741697819993,0,-35,avoid,3,11.700801495955,12.4315344238281,0,0
503,2.4753020910796,0.162348954460201,0,-35,avoid,2,11.521713286145,17.8079840087891,0,0
504,2.47589710950586,0.162051445247072,0,-35,avoid,2,11.3453170198797,23.7306143188477,0,0
505,2.47880053967328,0,0.413133423278879,-28.369778,emergency_stop,15,11.2002170156868,29.3766142272947,0,0
506,2.47045677939571,0,0.411742796565952,-21.767588,emergency_stop,15,11.0661333782541,34.5952421569824,0,0
507,2.31334921562318,0,0.385558202603863,-27.5825148027429,emergency_stop,1,10.9314598813312,38.4512907409668,2,2
508,0.00132470162007121,0,0.000220783603345201,-20.9568408027429,emergency_stop,2,10.9350159266167,38.1538435363767,2,0
509,0.000945696079329008,0,0.000157616013221501,-27.6170568027429,emergency_stop,1,10.9350013916701,38.1522184753422,2,0
510,0.000401268123549327,0,6.68780205915545e-05,-34.2077028027429,emergency_stop,1,10.9351469512433,38.1497770690922,7,5
511,0.000284565317159498,0,4.74275528599164e-05,-35,emergency_stop,1,10.9352579704735,38.147720947266,15,8
512,0.000590921368259188,0,9.84868947098646e-05,-35,emergency_stop,1,10.9353218823191,38.1461454772953,21,6
513,0.0001766415948453,0,2.94402658075501e-05,-28.28906,emergency_stop,15,10.9353393235875,38.1452261352537,28,7
514,0.000149393632939627,0,2.48989388232712e-05,-21.611222,emergency_stop,15,10.9353555473582,38.1446806335447,35,7
515,0.000119225756778951,0,1.98709594631585e-05,-14.924252,emergency_stop,15,10.9353636592949,38.1441618347166,43,8
516,0.000160752899823075,0,2.67921499705125e-05,-8.366228,emergency_stop,8,10.9353713454775,38.1436430358888,51,8
517,3.96898816946377e-05,0,6.61498028243962e-06,-1.713176,emergency_stop,7,10.9353644990633,38.1435514831544,57,6
518,1.73000006658163e-06,0,2.88333344430272e-07,4.828942,emergency_stop,15,10.9353574043187,38.1435171508787,60,3
519,5.47808531525008e-06,0.299997260957342,0,11.484292,brake,15,10.9353349017317,38.1435171508787,60,0
520,0.0232780406451099,0.288360979677445,0,18.01588,brake,15,10.9360018143316,38.1469351196287,60,0
521,0.0525402883870717,0.273729855806464,0,24.614782,brake,11,10.9357027485505,38.1412321472159,62,2
522,0.00574125086248537,0.297129374568757,0,31.19452,brake,11,10.9353861890251,38.1297270202627,68,6
523,0.0186249571968989,0.290687521401551,0,35,brake,11,10.9355951231874,38.1571241760245,75,7
524,0.00757520389496978,0.296212398052515,0,35,brake,15,10.9355524026901,38.1368070983885,82,7
525,0.00118202306365934,0.29940898846817,0,28.281722,brake,1,10.935739827881,38.1429182434086,91,9
526,0.0052269347737773,0.297386532613111,0,34.916774,brake,7,10.9358477436601,38.1446463012696,99,8
527,0.0106429361452636,0.294678531927368,0,35,brake,7,10.9358533379414,38.1321035766602,106,7
528,0.0192183447165008,0.29039082764175,0,35,brake,7,10.9361907925091,38.1502653503419,111,5
529,0.0130792389182807,0.29346038054086,0,28.448708,brake,1,10.9363602154691,38.1394926452641,119,8
530,0.0155887335071165,0.292205633246442,0,21.936434,brake,1,10.9366669552125,38.1510282897953,127,8
531,0.00331596079049799,0.298342019604751,0,28.52861,brake,12,10.9365886753745,38.1518560791013,135,8
532,0.0104738332244135,0.294763083387793,0,35,brake,12,10.9369439647581,38.1539541625974,141,6
533,0.00591748278137591,1,0,35,avoid,12,10.9370039816989,38.1506582641599,147,6
534,0.00735099847189208,1,0,35,avoid,13,10.9370321371965,38.1395803833006,155,8
535,0.00843733662018751,1,0,35,avoid,7,10.9368749030005,38.1171270751954,163,8
536,0.00583392970327581,1,0,35,avoid,7,10.9366109504493,38.1039434814454,172,9
537,0.00598894600313148,1,0,35,avoid,8,10.9362588467396,38.0721441650391,180,8
538,0.00491873797405962,1,0,28.401644,avoid,1,10.936095154661,38.0481535339359,188,8
539,0.00576955764480357,1,0,21.796922,avoid,1,10.9361389750744,38.0284391784672,195,7
540,0.00704716736507304,1,0,15.304016,avoid,1,10.9364079400433,38.0095526123051,204,9
541,0.00964400582636087,1,0,8.800154,avoid,1,10.9369249394452,37.9883390808109,212,8
542,0.0133183168628952,1,0,15.462272,avoid,12,10.9377641351374,37.9603849792478,220,8
543,0.0112708046083426,1,0,22.089272,avoid,12,10.938626967524,37.9270864868162,227,7
544,0.00917477046080405,1,0,28.66232,avoid,8,10.9392095567029,37.892124786377,235,8
545,0.00704807339739724,1,0,35,avoid,7,10.9395758422223,37.8592192077638,244,9
546,0.00525318369454386,1,0,35,avoid,7,10.9397539542165,37.8352018737794,250,6
547,0.00423209722658741,1,0,35,replan,7,10.9398972295352,37.8133894348145,258,8
548,0.00362289911586023,1,0,35,replan,7,10.9402721738849,37.7920195007325,266,8
549,0.00322235367937055,1,0,28.478828,replan,1,10.940375589526,37.7795988464359,274,8
550,0.00477034498168358,1,0,21.990662,replan,1,10.9405586596073,37.7682424926762,281,7
551,0.012203943928049,1,0,15.306092,replan,1,10.941240928986,37.7435270690922,290,9
552,0.00944916367931291,1,0,21.848168,replan,13,10.9419364548471,37.7192617797849,298,8
553,0.00753098913441793,1,0,28.472378,replan,13,10.9425020961317,37.6968389892576,306,8
554,0.00620290561800317,1,0,35,replan,13,10.942851867224,37.6726957702635,313,7
555,0.00414152668667635,1,0,28.40912,replan,1,10.9430518900763,37.6516958618168,321,8
556,0.00533950582467767,1,0,35,replan,8,10.9433175197678,37.6313482666016,330,9
557,0.00435174048349382,1,0,35,replan,8,10.9437410450352,37.6095320129395,338,8
558,0.00356720865478835,1,0,35,replan,8,10.9439617068818,37.5947576904298,346,8
559,0.00327278552083416,1,0,35,replan,8,10.9441028787159,37.5818449401856,354,8
560,0.00806813164550277,1,0,28.436702,replan,1,10.9441751560641,37.5722319030766,361,8
561,0.00418643442966545,1,0,21.946142,replan,1,10.9443632013578,37.5614591979984,371,10
562,0.00620097760770991,1,0,28.491854,replan,12,10.9448359181142,37.5449911499021,378,7
563,0.0046352339647332,1,0,35,replan,12,10.9451828053224,37.5309835815427,386,8
564,0.00281264520773181,1,0,35,replan,12,10.9453659258851,37.5164457702635,394,8
565,0.00676251326838434,1,0,35,replan,13,10.9457697021588,37.496922149658,401,7
566,0.00304130559468923,1,0,35,merge,7,10.9459902203435,37.4815412902833,410,9
567,0.00285519901655841,1,0,35,merge,7,10.9460936175501,37.4701506042481,418,8
568,0.00221433550511086,1,0,35,merge,7,10.9462995087264,37.4594160461427,427,9
569,0.00643585594174094,1,0,28.392518,merge,1,10.9464384415168,37.4618231201176,435,8
570,0.00696746635255067,1,0,21.75809,merge,1,10.946567575733,37.4552046203617,442,8
571,0.0065632063548927,1,0,15.313322,merge,1,10.9469001027297,37.4399458312992,451,9
572,0.00922559498191869,1,0,8.756546,merge,1,10.9474015459533,37.4231153869633,459,8
573,0.012872644648536,1,0,15.476816,merge,12,10.9483323673444,37.3945623779295,467,8
574,0.0109590635338529,1,0,22.077134,merge,12,10.9491549802359,37.3638006591795,475,8
575,0.00914741837268886,1,0,28.618064,merge,7,10.949673294925,37.3321882629395,483,8
576,0.00743556912956901,1,0,35,merge,7,10.950026409174,37.3004766845704,492,9
577,0.00470961963799224,1,0,35,merge,8,10.9502275357808,37.2739225769044,500,8
578,0.00294033738601694,1,0,28.391894,merge,1,10.9504009349884,37.2519842529301,506,6
579,0.00408716827071293,1,0,20.97443,merge,1,10.9510186578638,37.2200628662113,512,6
580,0.013305733170834,1,0,10.90703,merge,1,10.9518363001218,37.1845098876957,517,5
581,0.0111809985814972,1,0,3.799568,merge,1,10.9525713633188,37.1528288269047,522,5
582,0.0259220747429548,1,0,10.506938,merge,11,10.9537802127892,37.1094366455069,528,6
583,0.0173017617334757,1,0,17.075378,merge,11,10.9554382345619,37.0387274169913,534,6
584,0.02004599335523,1,0,23.374754,merge,11,10.9563162912872,36.9902388000479,540,6
585,0.0130628021059334,1,0,30.193586,merge,11,10.9570768211501,36.9381834411612,547,7
586,0.00886394267000439,1,0,35,merge,14,10.9576198668157,36.8954588317869,554,7
587,0.00544707983147244,1,0,35,merge,14,10.9578152045791,36.8671003723142,561,7
588,0.0038806713089133,1,0,35,merge,7,10.9579889256346,36.8450704956056,569,8
589,0.00579798284019268,1,0,35,merge,7,10.958270044024,36.8271147155763,575,6
590,0.00923674579665808,1,0,35,cruise,7,10.9586449497891,36.8070036315919,583,8
591,0.00348779474363312,1,0,28.395278,cruise,1,10.9588658581041,36.7918096923832,589,6
592,0.00475776408383844,1,0,21.913952,cruise,1,10.9590562886141,36.7782293701176,596,7
593,0.00601309352472964,1,0,15.325982,cruise,1,10.9595808521011,36.7578474426273,605,9
594,0.00950228726662118,1,0,21.901334,cruise,11,10.9600754800748,36.7392546081534,612,7
595,0.00806309850870667,1,0,28.533464,cruise,11,10.960768881872,36.7098738098135,620,8
596,0.00667702601990386,1,0,35,cruise,11,10.9611058942557,36.6867147827139,626,6
597,0.00671997539926997,1,0,35,cruise,8,10.9615776993158,36.6573530578614,634,8
598,0.00355597927845089,1,0,35,cruise,8,10.9618595847637,36.6352583312989,641,8
599,0.0032520473765759,1,0,35,cruise,7,10.9619872960438,36.6198889160157,648,7
600,0.00627366373415679,1,0,35,cruise,7,10.962355205348,36.6005636596681,656,8
601,0.00318995654458413,1,0,35,cruise,7,10.9624724884948,36.5901266479493,664,8
602,0.00320561087328727,1,0,35,cruise,7,10.9626055513161,36.5779234313966,672,8
603,0.00229125560614443,1,0,35,cruise,7,10.9627017824154,36.570835723877,679,7
604,0.00490567304658762,1,0,35,cruise,7,10.9629660455542,36.5590368652345,685,6
605,0.00273740098866023,1,0,35,cruise,8,10.9630978001916,36.5504270935059,694,9
606,0.00206220093613899,1,0,35,cruise,8,10.9632005133926,36.5416571044923,702,8
607,0.00372046587027186,1,0,35,cruise,7,10.9633105002298,36.5350653076173,708,6
608,0.00227822643834819,1,0,35,cruise,7,10.9635664463385,36.5266539001466,715,7
609,0.00296276013432695,1,0,35,cruise,7,10.9636990046673,36.5173384094239,724,9
610,0.0024363783324334,1,0,35,cruise,7,10.9638099011449,36.5093733215333,732,8
611,0.00140969672940138,1,0,35,cruise,8,10.9640002693906,36.5010458374024,739,7
612,0.00322748980878697,1,0,35,cruise,8,10.9641325280353,36.492653503418,746,7
613,0.00798664229744461,1,0,35,cruise,8,10.9642736233442,36.4908529663087,753,7
614,0.00632252880908646,1,0,35,cruise,8,10.9641413506373,36.5078512573243,761,8
615,0.000133977185998695,1,0,35,merge,9,10.9640157353626,36.5183264160157,768,7
616,0.00380246994762027,1,0,35,merge,8,10.9639411904498,36.5236975097657,776,8
617,0.00337387038545826,1,0,35,merge,8,10.9640516026747,36.5082403564454,783,7
618,0.00336418311276538,1,0,35,merge,8,10.9641403475122,36.4990698242188,790,7
619,0.00286898992359009,1,0,35,merge,7,10.9642719203419,36.4868856811524,799,9
620,0.00321488867014819,1,0,35,merge,7,10.964345569909,36.4802290344239,805,6
621,0.00288633237344354,1,0,35,merge,7,10.9646016102292,36.4708944702149,813,8
622,0.00306406997436194,1,0,35,merge,7,10.9647707171158,36.4600340270997,821,8
623,0.00291956085997042,1,0,28.379144,merge,1,10.9649107605916,36.450138702393,827,6
624,0.00422107488981065,1,0,21.80564,merge,1,10.9651015957338,36.440445556641,834,7
625,0.00177459467628105,1,0,15.199406,merge,1,10.9653921419784,36.4357649230961,843,9
626,0.0134534459945065,1,0,21.656504,merge,11,10.9661065458143,36.408669128417,851,8
627,0.00746211360937914,1,0,28.196438,merge,11,10.9667057995244,36.3849188232413,858,7
628,0.00621444655254031,1,0,34.712306,merge,11,10.9670437460536,36.3635374450674,864,6
629,0.00457999406881517,1,0,35,cruise,8,10.967244315028,36.3406721496583,872,8
630,0.00312656298910169,1,0,35,cruise,8,10.9674025575225,36.3230368041993,880,8
631,0.00148367673044195,1,0,35,cruise,8,10.9676979947361,36.3078695678712,887,7
632,0.00458666444677767,1,0,35,cruise,8,10.9677429814193,36.3087507629395,894,7
633,0.00518147372203486,1,0,35,cruise,14,10.967589649722,36.3248640441892,903,9
634,0.00452281041348049,1,0,35,cruise,14,10.967824651133,36.3091856384275,911,8
635,0.00349369457805364,1,0,35,cruise,14,10.9678985712932,36.2952276611326,917,6
636,0.00224248492674694,1,0,35,cruise,11,10.9680092221375,36.2816244506827,926,9
637,0,1,0,35,cruise,11,10.9683036605137,36.2684408569327,933,7
638,0.00187701184967211,1,0,35,cruise,11,10.9685460843886,36.2577291870108,940,7
639,0.00287981552406566,1,0,35,cruise,8,10.968671537273,36.2468992614747,948,8
640,0.00451806816633194,1,0,35,cruise,7,10.9688181058638,36.2355467224122,955,7
641,0.00242416702588503,1,0,35,cruise,7,10.9690312729154,36.2249876403809,963,8
642,0.00244724286915814,1,0,35,cruise,7,10.9691718736597,36.2148481750489,971,8
643,0.00287426860047138,1,0,35,cruise,8,10.9692746072261,36.2063414001466,978,7
644,0.00849211159115471,1,0,28.439054,cruise,1,10.9694577132202,36.1976057434086,985,7
645,0.00403445036680438,1,0,21.812174,cruise,1,10.9696850883236,36.1890417480473,992,7
646,0.00613573885910249,1,0,15.331622,cruise,1,10.9700424568232,36.1754576110844,1001,9
647,0.009020587509084,1,0,22.0643,cruise,10,10.9706415611295,36.1558882141111,1009,8
648,0.00786683967845207,1,0,28.6295,cruise,10,10.9712418967537,36.1320005798337,1016,7
649,0.00604302711688587,1,0,35,cruise,11,10.9715874238126,36.1084410095205,1024,8
650,0.00395941223417012,1,0,28.331744,cruise,1,10.9717811077814,36.0865293884281,1031,7
651,0.00544590468778029,1,0,34.980056,cruise,7,10.9720261491478,36.0671850585938,1039,8
652,0.00328140422821309,1,0,35,cruise,7,10.9722403647484,36.0536619567872,1045,6
653,0.0148573158417488,1,0,35,cruise,7,10.972726792725,36.029373779297,1054,9
654,0.00498742538547265,1,0,28.384076,cruise,1,10.9729778796501,36.018440856934,1061,8
655,0.00313267124656103,1,0,21.78332,cruise,1,10.9731179037593,36.007282867432,1069,8
656,0.0101081137763599,1,0,28.421702,cruise,12,10.9736094774987,35.985951080322,1077,8
657,0.00529033790662702,1,0,35,merge,12,10.9740197165049,35.9661489868162,1084,7
658,0.00326136948352742,1,0,35,merge,12,10.9741893175323,35.9484983825681,1092,8
659,0.00329148585417538,1,0,35,merge,12,10.9744860865559,35.9295507812498,1099,7
660,0.00312894479053793,1,0,28.47017,merge,1,10.9745979811297,35.9160620117191,1107,8
661,0.0082211222103755,1,0,35,merge,7,10.9747821206252,35.9056860351563,1115,8
662,0.0026118291846438,1,0,35,merge,7,10.9750317863487,35.892899169922,1123,8
663,0.00521380796285449,1,0,35,merge,7,10.9752172476326,35.8801695251466,1131,8
664,0.00257295939127944,1,0,35,merge,7,10.9752242764775,35.880203857422,1137,6
665,0.00261777867146165,1,0,35,merge,8,10.9752760954571,35.8712583923341,1146,9
666,0.00473323929124179,1,0,35,merge,8,10.9751956997726,35.8731619262696,1152,6
667,0.00467730901751493,1,0,35,merge,8,10.9749018053525,35.8864828491212,1161,9
668,0.00317094930105052,1,0,35,merge,8,10.9746144695827,35.8999067687989,1169,8
669,0.0050103035642571,1,0,35,merge,8,10.9743566239029,35.9127584838868,1176,7
670,0.00354546853112666,1,0,35,merge,8,10.9741211724278,35.9247518920899,1184,8
671,0.00197944765707717,1,0,35,cruise,7,10.9742981437247,35.9200178527833,1191,7
672,0.00216977698251581,1,0,35,cruise,7,10.9744463715466,35.9150205993653,1200,9
673,0.00225187662169195,1,0,35,cruise,7,10.9745567579758,35.9089781188966,1207,7
674,0.001526457472795,1,0,35,cruise,7,10.9746670761232,35.9022680664063,1215,8
675,0.00563703234108384,1,0,35,cruise,7,10.9750201836064,35.889137878418,1223,8
676,0.002646957046158,1,0,35,cruise,7,10.975226723588,35.8791624450684,1231,8
677,0.00238456836228434,1,0,35,cruise,8,10.9753300602756,35.8708273315431,1238,7
678,0.00212078100420733,1,0,35,cruise,8,10.9754404548875,35.8620993041993,1246,8
679,0.00258361197717602,1,0,35,cruise,8,10.9755582730402,35.8536421203614,1254,8
680,0.00224381811540101,1,0,35,cruise,8,10.9756978449357,35.846756591797,1261,7
681,0.00220067549559603,1,0,35,cruise,7,10.9758746020486,35.8382994079591,1269,8
682,0.00230926094387781,1,0,35,cruise,7,10.9760072004889,35.8303610229493,1276,7
683,0.00211244164208822,1,0,35,cruise,7,10.9762062399482,35.8213011169435,1284,8
684,0.0031123044411852,1,0,35,cruise,7,10.9764704411757,35.8116880798341,1292,8
685,0.00284990895014696,1,0,35,cruise,7,10.9766181467563,35.8016516113282,1299,7
686,0.00258554266520337,1,0,35,cruise,8,10.976744297264,35.7926794433595,1307,8
687,0.00203144859436433,1,0,35,cruise,8,10.9769135336657,35.7829138183595,1315,8
688,0.00388982659039749,1,0,35,cruise,8,10.9770389731047,35.774490966797,1323,8
689,0.00238900145722665,1,0,35,cruise,8,10.9772152890941,35.7667127990723,1329,6
690,0.00204224851182591,1,0,35,cruise,8,10.9773557239819,35.7573706054688,1337,8
691,0.00559286125223629,1,0,35,cruise,8,10.9776208529087,35.7445532226563,1345,8
692,0.00236845429441585,1,0,35,cruise,8,10.9777903271214,35.734882965088,1352,7
693,0.00236672829635834,1,0,35,cruise,14,10.9778935069891,35.7254454040525,1361,9
694,0,1,0,35,cruise,14,10.9779892277801,35.7177626037595,1369,8
695,0.00256505149622488,1,0,35,cruise,14,10.9781001779898,35.7109152221677,1376,7
696,0.00230774513857283,1,0,35,merge,15,10.9782031124528,35.7035108947752,1384,8
697,0.00474006569619303,1,0,35,merge,12,10.9783360494548,35.6957518005369,1392,8
698,0.00459822405085247,1,0,35,merge,14,10.9786080130257,35.6847616577146,1400,8
699,0.00278435164348007,1,0,35,merge,8,10.9787705833992,35.6779104614259,1407,7
700,0.00319861574840228,1,0,35,merge,8,10.9789112642205,35.6697203063966,1414,7
701,0.00310549332844553,1,0,35,merge,8,10.9791462010236,35.6600805664063,1422,8
702,0.00266629519115295,1,0,35,merge,8,10.9792647200642,35.6517835998536,1430,8
703,0.00202227100258383,1,0,35,merge,8,10.979397797739,35.6418005371095,1438,8
704,0.00130861097376555,1,0,35,merge,8,10.9796335123334,35.6339308166505,1444,6
705,0.0057097470991005,1,0,35,merge,14,10.9798034754327,35.6234289550779,1452,8
706,0.00761744988121929,1,0,35,merge,14,10.9799949930924,35.6129690551756,1460,8
707,0.00283643252716374,1,0,35,merge,11,10.9801493563457,35.6027723693838,1468,8
708,0.00257449031994826,1,0,35,merge,13,10.9802753481289,35.59251083374,1476,8
709,0,1,0,35,merge,13,10.9803637366961,35.585560455322,1483,7
710,0.00313651293558191,1,0,35,merge,13,10.9807617383286,35.5714041137693,1491,8
711,0.00305270592484999,1,0,35,cruise,7,10.9808645920845,35.5618788146974,1498,7
712,0.00258006729301599,1,0,35,cruise,7,10.980968125224,35.5529714965821,1505,7
713,0.00538082919673061,1,0,35,cruise,7,10.9811164727199,35.5435034179688,1514,9
714,0.00258812203455696,1,0,35,cruise,7,10.9815068841952,35.5289160156251,1522,8
715,0.00278281466747252,1,0,35,cruise,7,10.9816101801139,35.5186964416505,1529,7
716,0.00695868963169596,1,0,35,cruise,7,10.9818027950874,35.5076795959474,1536,7
717,0.00614890717818834,1,0,35,cruise,8,10.9820315385504,35.4981314086915,1545,9
718,0.00284147241054422,1,0,35,cruise,8,10.982274540699,35.4866186523438,1552,7
719,0.00263464036353065,1,0,35,cruise,7,10.9824004357746,35.4754568481446,1560,8
720,0.00232564078185135,1,0,35,cruise,7,10.9825415486742,35.4657751464845,1568,8
721,0.000616320899743242,1,0,35,cruise,7,10.9826372301158,35.4615637207032,1575,7
722,0.00382473267044535,1,0,35,cruise,7,10.982940298154,35.4546743774415,1582,7
723,0.00343029048311921,1,0,35,cruise,7,10.9830506932513,35.4436155700684,1589,7
724,0,1,0,35,cruise,7,10.9832795573983,35.4303785705567,1595,6
725,0.00287641371892437,1,0,35,cruise,8,10.9833677463741,35.4212843322755,1602,7
726,0.00582300256156332,1,0,35,cruise,8,10.9837363365565,35.402664794922,1611,9
727,0.0027073323718576,1,0,35,cruise,8,10.9839504150424,35.3912550354005,1618,7
728,0.00296526657028007,1,0,35,cruise,8,10.9840769008077,35.3812071228028,1624,6
729,0.00626113362781908,1,0,35,cruise,8,10.9842327485556,35.3710180664063,1631,7
730,0.00244985274005797,1,0,35,cruise,7,10.9844835616839,35.3586660766602,1637,7
731,0.00652185397024053,1,0,35,cruise,8,10.984676280093,35.3472219848634,1645,8
732,0.00285857429655727,1,0,35,cruise,7,10.9847790417679,35.3398901367188,1651,6
733,0.00244959230825885,1,0,35,cruise,7,10.9849122015929,35.3298155212403,1658,7
734,0.00289688719908417,1,0,28.476158,cruise,1,10.9852071324997,35.3182264709477,1666,8
735,0.00782593367210782,1,0,21.757208,cruise,1,10.9855453271739,35.30427230835,1672,6
736,0.00678092451563852,1,0,15.15623,cruise,1,10.9860457557667,35.2833258056645,1680,8
737,0.0133439750924108,1,0,8.617352,cruise,1,10.9865828565081,35.2621961975102,1687,7
738,0.0188089755618632,1,0,15.025514,merge,12,10.987511075749,35.2243849182127,1694,7
739,0.0163590226237166,1,0,21.505544,merge,12,10.9885449455665,35.1789823913572,1701,7
740,0.0139395024112933,1,0,28.153676,merge,8,10.9893356742009,35.1322332763673,1709,8
741,0.0109336178043901,1,0,34.630268,merge,7,10.9899658821928,35.0878225708009,1717,8
742,0.00561510814237517,1,0,35,merge,7,10.9902789324737,35.0576597595216,1724,7
743,0.00700326876750528,1,0,35,merge,7,10.9904231569099,35.0343824768067,1732,8
744,0.00819382042612998,1,0,35,merge,7,10.9907578265246,35.0130278015138,1738,6
745,0.00348078768801272,1,0,35,merge,7,10.9908925818084,34.9994474792481,1746,8
746,0.0030327872193454,1,0,35,merge,7,10.9910273336168,34.9860159301759,1755,9
747,0.0023235671599004,1,0,28.422056,merge,1,10.9911387926202,34.9750334167484,1762,7
748,0.0108003510467505,1,0,21.885146,merge,1,10.9914935871951,34.9610563659672,1771,9
749,0.00616886809429204,1,0,15.278372,merge,1,10.9919358459801,34.9441152954105,1779,8
750,0.00927672940538918,1,0,21.749138,merge,12,10.9923777419291,34.9271437072752,1786,7
751,0.00733856660345293,1,0,28.289534,merge,12,10.9929239435585,34.9049040222166,1794,8
752,0.00620352633143224,1,0,34.70669,merge,12,10.9932269455717,34.8814016723631,1801,7
753,0.00461607157341108,1,0,35,cruise,8,10.9934287809678,34.8615690612794,1808,7
754,0.00973685356516154,1,0,35,cruise,7,10.9936021715981,34.8415113830567,1817,9
755,0.00338798926731018,1,0,35,cruise,7,10.9937444265926,34.8297735595704,1824,7
756,0.00238947509183434,1,0,35,cruise,7,10.9940417601458,34.8146902465821,1831,7
757,0.00292297995044408,1,0,35,cruise,8,10.9941533379651,34.8028875732423,1840,9
758,0.00249133066111657,1,0,35,cruise,8,10.9942503065215,34.7948881530763,1847,7
759,0.000944833107689501,1,0,35,cruise,8,10.9943761408881,34.7894216918946,1856,9
760,0.00423933950180585,1,0,35,merge,8,10.9942731863844,34.8033415222169,1863,7
761,0.00207524574810328,1,0,35,merge,8,10.9940140898333,34.8109136962891,1870,7
762,0.00415569890438581,1,0,35,merge,8,10.9937025928516,34.8224455261231,1877,7
763,0.00443215156284231,1,0,35,merge,8,10.9934055052827,34.8344122314454,1886,9
764,0.00481195163007731,1,0,35,merge,8,10.993131382211,34.8479849243165,1894,8
765,0.00455358024178365,1,0,35,merge,8,10.992923966094,34.8589140319825,1900,6
766,0.00485872039445938,1,0,35,merge,8,10.992650012346,34.8743215942384,1909,9
767,0.00197667782419767,1,0,35,merge,8,10.9924796562557,34.8834768676759,1916,7
768,0.00207880560246859,1,0,35,merge,8,10.992553026965,34.8766065979005,1924,8
769,0.00165531156921005,1,0,35,merge,8,10.9926939288439,34.8723684692384,1932,8
770,0.00194671028583105,1,0,35,merge,8,10.992850580088,34.8671461486817,1940,8
771,0.0070941519842667,1,0,35,merge,8,10.9930209437,34.8597990417481,1947,7
772,0.00455347159495155,1,0,35,merge,8,10.9932655418262,34.850605621338,1954,7
773,0.0026783240691164,1,0,35,merge,8,10.993376429958,34.8437429809571,1961,7
774,0.00254845205163133,1,0,35,cruise,8,10.9935027735754,34.8351026916505,1970,9
775,0.00268923858604912,1,0,35,cruise,8,10.993598793062,34.8276640319825,1977,7
776,0.00416765335891246,1,0,35,cruise,8,10.9937399595381,34.8196379089356,1985,8
777,0.0127059444789758,1,0,35,cruise,8,10.993983593973,34.812950744629,1992,7
778,0.0026743215880517,1,0,35,cruise,8,10.9941759207391,34.7992483520509,2000,8
779,0.00466341903271056,1,0,35,cruise,8,10.9943022874737,34.7901007080079,2008,8
780,0.000372468859208854,1,0,35,cruise,14,10.9945541645855,34.7798162841795,2014,6
781,0.00291201618701878,1,0,35,merge,11,10.9947248677266,34.769550933837,2023,9
782,0.00263859961656355,1,0,35,merge,11,10.9948515496173,34.7605940246573,2030,7
783,0.00250189325098697,1,0,35,merge,11,10.9949848030851,34.7510305786124,2038,8
784,0.00206739304628611,1,0,35,merge,12,10.995088803425,34.7438551330564,2045,7
785,0.00229083745245937,1,0,35,merge,12,10.9952368938103,34.7350393676756,2054,9
786,0.00203509723018034,1,0,35,merge,7,10.9953257843063,34.7293020629884,2061,7
787,0.00206555137105879,1,0,35,merge,7,10.9954597006763,34.7214285278321,2069,8
788,0.00218449386043084,1,0,35,merge,7,10.9955562595964,34.7145277404786,2077,8
789,0.00238115967232045,1,0,35,merge,8,10.9956373854376,34.7089506530763,2085,8
790,0.00241316149307546,1,0,28.398248,merge,1,10.9958071738396,34.7036177062992,2091,6
791,0.00190061144862342,1,0,21.915686,merge,1,10.9959997740049,34.6941305541996,2100,9
792,0.0111145402968442,1,0,28.45775,merge,11,10.9964144516496,34.6783377075186,2106,6
793,0.00800251396663309,1,0,34.932416,merge,11,10.9969909411764,34.6547857666006,2114,8
794,0.00746332482193188,1,0,35,merge,11,10.9974281061389,34.6292959594717,2121,7
795,0.00706278319420859,1,0,35,merge,11,10.9976665732306,34.6127020263663,2128,7
796,0.00359756686256183,1,0,35,merge,8,10.9978686246612,34.5949407958985,2136,8
797,0.00926102731977613,1,0,35,merge,8,10.9981227197399,34.5782095336915,2144,8
798,0.00525846910556421,1,0,35,cruise,8,10.9984637399083,34.5619055175782,2151,7
799,0.00299187056722984,1,0,35,cruise,8,10.9986494941894,34.5471464538575,2160,9
800,0.00157360141399814,1,0,35,cruise,8,10.9987237929948,34.5372930908204,2168,8
801,0.00276848389772315,1,0,35,cruise,8,10.9987979296961,34.5284735107423,2176,8
802,0.00252496276032338,1,0,35,cruise,8,10.9989247787731,34.5197416687013,2183,7
803,0.00225798445036199,1,0,35,cruise,8,10.9990363165779,34.5118643188477,2192,9
804,0.00178595579514504,1,0,35,cruise,8,10.99925897004,34.5023771667481,2200,8
805,0.00400005683540456,1,0,35,cruise,8,10.9993929621921,34.49502243042,2207,7
806,0.00270328141633916,1,0,35,cruise,7,10.9996080405233,34.4834028625489,2216,9
807,0.0027665486729791,1,0,35,cruise,7,10.9997197270177,34.4744268798829,2224,8
808,0.000946625508096755,1,0,35,cruise,7,10.9997787388396,34.4686895751954,2232,8
809,0.00260046474852529,1,0,35,cruise,7,11.000046046048,34.4569708251954,2240,8
810,0.00250734897236122,1,0,35,cruise,7,11.0001728443869,34.4484869384767,2248,8
811,0.00248800940998248,1,0,35,cruise,8,11.0002843272678,34.4399992370606,2256,8
812,0.00507819992964132,1,0,35,cruise,8,11.0004104497002,34.4325758361817,2264,8
813,0.00215701925415691,1,0,35,cruise,8,11.0006185125931,34.4229055786134,2272,8
814,0.0022597760410202,1,0,35,cruise,8,11.0007375559342,34.4150358581544,2279,7
815,0.00130369086873196,1,0,35,cruise,8,11.0009081117266,34.4069525146485,2287,8
816,0.00252203876794995,1,0,35,cruise,8,11.0009969494459,34.3983465576173,2296,9
817,0.00207455779582233,1,0,35,cruise,8,11.0011011626841,34.3903471374513,2304,8
818,0.005264235006438,1,0,35,cruise,8,11.0012946093614,34.3808599853517,2312,8
819,0.00605121225538036,1,0,35,cruise,12,11.0015028635105,34.3731123352049,2320,8
820,0.0026048204784541,1,0,35,cruise,12,11.0016812590067,34.3634649658201,2328,8
821,0.00246480165891562,1,0,35,cruise,11,11.0018081317062,34.3540045166006,2336,8
822,0.00231186729845711,1,0,35,merge,11,11.0019122290452,34.3454901123038,2344,8
823,0.00233381182766995,1,0,35,merge,12,11.0019862834215,34.3389898681638,2352,8
824,0.0018249120083641,1,0,35,merge,12,11.0020600687618,34.3323599243162,2360,8
825,0.00221320550524901,1,0,35,merge,8,11.0021945176009,34.3258634948731,2368,8
826,0,1,0,35,merge,7,11.0022610099396,34.3201338195802,2376,8
827,0.00206509801293221,1,0,35,merge,7,11.0023803380016,34.3138395690919,2384,8
828,0.00197241555049377,1,0,35,merge,7,11.0024993400601,34.3064237976075,2393,9
829,0.00248788172156962,1,0,35,merge,7,11.002603300012,34.2996260070802,2400,7
830,0.00205859345108417,1,0,35,merge,8,11.0027074689016,34.2941252136231,2408,8
831,0.0030352132891262,1,0,35,merge,8,11.002841285938,34.2864920043946,2416,8
832,0.00673907862676605,1,0,35,merge,8,11.0031757675963,34.2748724365235,2424,8
833,0.00215447214082953,1,0,35,merge,8,11.0033021270876,34.2674566650391,2431,7
834,0.00247692342147629,1,0,35,merge,8,11.0033841647768,34.2598921203614,2438,7
835,0.00259143285307703,1,0,35,merge,8,11.0035033952922,34.2507597351075,2447,9
836,0.00167378861226884,1,0,35,cruise,8,11.0035925378377,34.2433439636231,2455,8
837,0.00284805263239482,1,0,35,cruise,8,11.003719164829,34.2369009399415,2463,8
838,0.00528828472321704,1,0,35,cruise,8,11.0036954091926,34.2429510498048,2473,10
839,0.00294259107246766,1,0,35,cruise,8,11.0037097662701,34.2365423583985,2483,10
840,0.00272276779741952,1,0,35,cruise,13,11.0038066254736,34.2267767333982,2491,8
841,0.00119967237229181,1,0,35,cruise,13,11.0038884026989,34.2195402526853,2500,9
842,0.00923742252556116,1,0,35,cruise,12,11.0040899133924,34.2105490112302,2509,9
843,0.00203291036100191,1,0,35,cruise,12,11.0042692248563,34.2082830810545,2516,7
844,0.00244168366120755,1,0,35,cruise,12,11.0044112495977,34.1993109130857,2525,9
845,0.0025202266901449,1,0,35,cruise,12,11.0045081509653,34.1920515441892,2533,8
846,0.00209050862548114,1,0,35,cruise,7,11.0046720330773,34.1833731079102,2539,6
847,0.00327661523777222,1,0,35,cruise,7,11.0048437885174,34.1745001220704,2545,6
848,0.00128122429233286,1,0,35,cruise,7,11.0050743865444,34.1654020690919,2551,6
849,0.00328449380161096,1,0,35,cruise,7,11.0052449290179,34.1572271728516,2557,6
850,0.00233408902929063,1,0,35,cruise,8,11.005579878812,34.1443487548829,2565,8
851,0.00563088871268674,1,0,35,cruise,8,11.0058402521176,34.1283308410645,2572,7
852,0.00364578030425151,1,0,35,cruise,8,11.0061298436171,34.1118246459962,2580,8
853,0.00520495246571339,1,0,35,cruise,11,11.0062114428837,34.1014372253409,2587,7
854,0,1,0,35,cruise,11,11.0063763276724,34.0907865905752,2593,6
855,0.00525194972459266,1,0,35,cruise,11,11.0066454135818,34.0785299682608,2598,5
856,0.00303427189449547,1,0,35,cruise,11,11.0068083909476,34.0641485595694,2604,6
857,0.00311588891680028,1,0,35,cruise,13,11.0069576527214,34.0530134582517,2611,7
858,0.00943725228930374,1,0,28.278236,cruise,1,11.0071964707877,34.0389143371586,2618,7
859,0.00363069606643702,1,0,34.93739,cruise,7,11.0076045420577,34.0169111633302,2624,6
860,0.00158722878648754,1,0,35,cruise,8,11.0077966414604,34.007847442627,2631,7
861,0.00348726473870909,1,0,28.31636,cruise,1,11.0080056097831,33.9926535034184,2639,8
862,0.00387575192613073,1,0,21.647996,cruise,1,11.0081623813703,33.9824186706547,2648,9
863,0.00669201701032205,1,0,15.040748,cruise,1,11.0084888712467,33.9678999328617,2655,7
864,0.00909729045121702,1,0,21.641414,merge,12,11.009016886356,33.9501997375486,2664,9
865,0.00888580729114495,1,0,28.211372,merge,12,11.009737961904,33.9159857177732,2673,9
866,0.00672713109290033,1,0,34.96316,merge,12,11.0100355906261,33.8927008056638,2680,7
867,0.00465316496421081,1,0,35,merge,7,11.0103811336355,33.8687788391114,2687,7
868,0.00725139305399895,1,0,35,merge,7,11.0106517757656,33.8482061767579,2695,8
869,0.00649014646363,1,0,35,merge,7,11.0107195349283,33.8366667175294,2705,10
870,0.00303394041119114,1,0,35,merge,7,11.0108318403683,33.8228193664552,2713,8
871,0.00232081345929616,1,0,28.370798,merge,1,11.0109598198507,33.8130575561527,2721,8
872,0.0066738153193625,1,0,21.716876,merge,1,11.0112358889803,33.7999006652836,2729,8
873,0.0131497721044891,1,0,28.31939,merge,11,11.0117261268614,33.7798162841788,2738,9
874,0.0039803290191039,1,0,34.931294,merge,11,11.0120375769494,33.7617575073233,2748,10
875,0.00429588913496928,1,0,35,merge,11,11.0122992962738,33.7426191711417,2758,10
876,0.00456309962959738,1,0,35,merge,11,11.01254075849,33.7275778198233,2764,6
877,0.00267082314453492,1,0,35,merge,13,11.0127746034595,33.7152716064451,2769,5
878,0.00620690176672201,1,0,35,cruise,7,11.0130283478837,33.7006231689454,2775,6
879,0.00437395273289472,1,0,35,cruise,7,11.0133719486862,33.685135498047,2782,7
880,0.00453342189132728,1,0,35,cruise,7,11.013700903306,33.6640669250489,2788,6
881,0.00395791813058341,1,0,35,cruise,7,11.013843058794,33.6495100402833,2794,6
882,0.0064197402375824,1,0,35,merge,7,11.0140897305873,33.6326719665528,2800,6
883,0.00247530038382985,1,0,35,merge,7,11.0143954252429,33.6148039245606,2805,5
884,0.00249142425422988,1,0,30.6353156354167,merge,6,11.0146872701141,33.5968786621091,2810,5
885,0.00459693418042293,1,0,30.6312700598908,merge,6,11.0149112609461,33.5831381225584,2814,4
886,0.00407486091244937,1,0,35,merge,7,11.0151497990796,33.5707098388673,2818,4
887,0.00450037548474986,1,0,30.6276699697771,merge,6,11.0153437509297,33.5585066223142,2822,4
888,0.00439448641849273,1,0,30.6224464723091,merge,6,11.0156131346765,33.5428511047361,2825,3
889,0.00817729015161274,1,0,30.6184430174639,merge,6,11.0159868483351,33.5225912475583,2830,5
890,0.0128319405437469,1,0,35,merge,13,11.0163224789705,33.5028463745115,2835,5
891,0.0057247711033411,1,0,35,merge,12,11.0167487504831,33.4801718139646,2839,4
892,0.002901174041789,1,0,35,merge,12,11.0171240135399,33.4590536499021,2844,5
893,0.00444889550658991,1,0,35,merge,11,11.0173487406972,33.4442526245108,2848,4
894,0.00320379605360286,1,0,35,merge,12,11.0176931625351,33.42356552124,2853,5
895,0.00273553275731049,1,0,35,merge,12,11.0179100934897,33.4090925598142,2857,4
896,0.00476416939678846,1,0,35,cruise,8,11.0183513851739,33.3838316345216,2862,5
897,0.003792757893545,1,0,35,cruise,8,11.0184637916082,33.3723226928712,2866,4
898,0.00347482672681909,1,0,35,cruise,8,11.0185914030664,33.3577238464356,2871,5
899,0.00310675604350397,1,0,35,cruise,8,11.01880838878,33.3449140930177,2875,4
900,0.00313521584189244,1,0,35,cruise,8,11.0188983738141,33.3370443725587,2879,4
901,0.00622261554784598,1,0,35,merge,8,11.0190708564583,33.3244367980958,2883,4
902,0.00291307750044636,1,0,35,merge,8,11.0192875008698,33.312348022461,2888,5
903,0,1,0,35,merge,8,11.0196246107743,33.2976118469239,2895,7
904,0.00390746697628443,1,0,35,merge,8,11.0197816797731,33.3000532531739,2902,7
905,0.0041696515465307,1,0,35,merge,8,11.0195185887672,33.3154302978516,2909,7
906,0.0025036628206893,1,0,30.5573714906529,merge,6,11.0192032609979,33.3261839294431,2915,6
907,0.00143958508848772,1,0,35,merge,8,11.0189782658983,33.3292967224122,2922,7
908,0.00412470779772734,1,0,35,merge,8,11.018768519026,33.3361326599122,2929,7
909,0.00444709179034848,1,0,35,merge,8,11.0184772795946,33.3478475952149,2938,9
910,0.00441019089055378,1,0,35,merge,8,11.0182382378532,33.3595358276368,2945,7
911,0.000122431366282691,1,0,35,merge,12,11.0180137423713,33.3706976318357,2953,8
912,0.00207282400113444,1,0,35,merge,12,11.0180733831217,33.3655058288572,2959,6
913,0.00501138071958695,1,0,35,merge,12,11.018088502691,33.3670698547361,2968,9
914,0.0046720344465059,1,0,35,merge,12,11.0178720634738,33.380768432617,2975,7
915,0.00522655727655726,1,0,35,merge,12,11.0176403241451,33.3941046142576,2983,8
916,0.00503991889090748,1,0,35,merge,13,11.0173489064607,33.411961212158,2991,8
917,0.00470854367433237,1,0,35,merge,8,11.0171168762917,33.4252020263673,2997,6
918,0.000113094768585383,1,0,35,merge,7,11.0171161690707,33.4305578613282,3006,9
919,0.00233500770446816,1,0,35,merge,7,11.0172589679529,33.4252020263673,3014,8
920,0.00216515627728523,1,0,35,merge,7,11.0173864983068,33.4185797119141,3020,6
921,0.00726780620010293,1,0,35,cruise,7,11.0175962764646,33.4095503234864,3028,8
922,0.0012700769167488,1,0,35,cruise,7,11.0178053655936,33.3999487304688,3035,7
923,0.00249335635606392,1,0,28.463804,cruise,1,11.0179177226175,33.3908468627934,3043,9
924,0.00829270492949323,1,0,21.843026,cruise,1,11.0181418709493,33.3787084960941,3052,9
925,0.00632699400509421,1,0,28.335488,merge,11,11.0184769385814,33.36654724121,3060,8
926,0.00469271528993064,1,0,34.939568,merge,11,11.018760120623,33.3537031555166,3067,7
927,0.00336891086638962,1,0,35,merge,13,11.0189250397756,33.3386541748045,3075,8
928,0.0029554119098988,1,0,35,merge,13,11.0190233644358,33.3273703002927,3083,8
929,0.00290199138911662,1,0,35,merge,7,11.0191815551624,33.314789428711,3090,7
930,0.0026410448442145,1,0,35,merge,7,11.0193017979633,33.3045431518556,3098,8
931,0.000878044476437818,1,0,35,merge,7,11.0193994416501,33.2969442749024,3106,8
932,0.00141962406831798,1,0,35,merge,7,11.0195493268535,33.2887998962403,3114,8
933,0.0025765039794236,1,0,35,merge,7,11.019639137196,33.2807661437989,3122,8
934,0.00518300576198304,1,0,35,merge,7,11.0198564807771,33.2700239562989,3130,8
935,0.00235623827705921,1,0,35,merge,8,11.0201338555738,33.2587362670899,3137,7
936,0.00229115437983459,1,0,35,merge,8,11.0202237410522,33.2497412109376,3145,8
937,0.00220665781371365,1,0,35,merge,8,11.0203363421693,33.2409063720704,3152,7
938,0.00335867386013893,1,0,35,merge,7,11.0205533981647,33.2296568298341,3160,8
939,0.00281946463274455,1,0,35,merge,7,11.0207106048639,33.2230917358399,3167,7
940,0.00272310100938808,1,0,35,merge,7,11.0208759963637,33.2134481811524,3173,6
941,0.00416059847055744,1,0,35,cruise,7,11.0210110751356,33.2047163391114,3179,6
942,0.0027827645566295,1,0,28.364186,cruise,1,11.0211905314346,33.1932112121586,3186,7
943,0.00434502749899956,1,0,21.691784,cruise,1,11.0213174697226,33.1852842712406,3193,7
944,0.00300309464674539,1,0,15.107354,cruise,1,11.0217505969448,33.1715399169926,3201,8
945,0.00288266916093749,1,0,21.675542,cruise,13,11.0220939050579,33.1736494445799,3207,6
946,0.0119920236003338,1,0,28.164578,cruise,13,11.0226027141845,33.1509519958494,3213,6
947,0.0136120574810995,1,0,34.767434,cruise,13,11.0231426150547,33.1102682495115,3221,8
948,0.00109196451820943,1,0,35,cruise,12,11.0234958361337,33.0865446472166,3227,6
949,0.00455699134346544,1,0,35,cruise,7,11.0235119641777,33.0685469055177,3236,9
950,0.00364683889174475,1,0,35,cruise,8,11.0235651306563,33.051304473877,3243,7
951,0.00289316912799038,1,0,35,cruise,8,11.0236481826038,33.0371176147462,3251,8
952,0.000509770694772728,1,0,35,cruise,8,11.02369344233,33.0294233703614,3258,7
953,0.00117010477364489,1,0,35,cruise,8,11.0238370023501,33.0320211791993,3265,7
954,0.00297425590077514,1,0,35,cruise,8,11.0239272424325,33.0255819702149,3273,8
955,0.00285989880293458,1,0,35,cruise,8,11.0240776853572,33.0157591247559,3281,8
956,0.00369660565377409,1,0,35,cruise,8,11.0243851366026,33.0009886169434,3289,8
957,0.00279940766580016,1,0,35,cruise,8,11.024482698551,32.9926191711427,3296,7
958,0.00303589097959845,1,0,35,cruise,8,11.0245805167967,32.9847837829591,3303,7
959,0.00662428564657588,1,0,35,cruise,8,11.0247980288364,32.9733320617677,3311,8
960,0.00907062476115901,1,0,35,cruise,8,11.0249560755096,32.9758612060548,3317,6
961,0.0071319567072604,1,0,35,cruise,8,11.024993355427,32.9788633728028,3324,7
962,0.00537854816364036,1,0,35,cruise,14,11.0248882867425,32.9916502380369,3332,8
963,0.00366753299708609,1,0,35,cruise,14,11.0249554576092,32.9739767456052,3340,8
964,0.00316283504903676,1,0,35,cruise,14,11.0250607756071,32.9613653564451,3346,6
965,0.00213011212231125,1,0,35,cruise,12,11.0252482811377,32.9481855773924,3354,8
966,0.00274297479602811,1,0,35,cruise,12,11.0254361482151,32.9367720031736,3362,8
967,0.00323950404109161,1,0,35,cruise,12,11.0255262074667,32.9261633300779,3369,7
968,0.00255782066452854,1,0,35,cruise,8,11.0256542221454,32.9171148681641,3375,6
969,0.00341546127529858,1,0,35,cruise,7,11.0257890977685,32.9092184448243,3384,9
970,0.000171787848265073,1,0,35,cruise,7,11.0260218246928,32.8998495483399,3390,6
971,0.00300835463854142,1,0,35,cruise,7,11.0261341392851,32.8940855407716,3398,8
972,0.00232293732837635,1,0,35,cruise,7,11.0262925173364,32.8839193725587,3405,7
973,0.0123872398307003,1,0,35,cruise,7,11.0266155492754,32.8685995483399,3412,7
974,0.00325703510536594,1,0,35,cruise,7,11.0269006637313,32.8505636596681,3419,7
975,0.00546130568019727,1,0,28.470842,cruise,1,11.0270587515055,32.8382307434086,3426,7
976,0.00824988594938667,1,0,35,cruise,12,11.0274639426146,32.8199240112302,3434,8
977,7.23670165075031e-05,1,0,35,cruise,12,11.0275833704283,32.8155561828611,3443,9
978,0.00326879923723937,1,0,35,cruise,12,11.0276436849786,32.8085142517088,3453,10
979,0.00289774247213439,1,0,35,cruise,12,11.0277345117624,32.79661239624,3460,7
980,0.00236935281166477,1,0,35,cruise,12,11.0278099415961,32.785439147949,3470,10
981,0.00229233443247938,1,0,35,cruise,8,11.0278926881877,32.7761923217774,3481,11
982,0.000727925375900675,1,0,35,cruise,8,11.0280432716696,32.770111694336,3489,8
983,0.00230519335827748,1,0,35,cruise,8,11.0281934275117,32.7619100952149,3498,9
984,0.00242015686921614,1,0,35,cruise,11,11.0282914657385,32.7538229370108,3507,9
985,0.00223153195456041,1,0,35,cruise,11,11.0283741728039,32.7457968139639,3517,10
986,0.00195284137913925,1,0,35,cruise,11,11.0284342603254,32.7404180908194,3526,9
987,0.00353562567179187,1,0,35,cruise,11,11.0285623144814,32.7362409973135,3536,10
988,0.00214825739807742,1,0,35,cruise,11,11.0286672192501,32.7312399291983,3546,10
989,0.000541505315641814,1,0,35,cruise,11,11.0287425814724,32.7248922729483,3554,8
990,0.00199777512012626,1,0,35,cruise,11,11.0288178167174,32.7185140991202,3565,11
991,0.00204742486576637,1,0,35,cruise,8,11.0289158824486,32.7119223022462,3575,10
992,0.0018465240499801,1,0,35,cruise,8,11.0289908952396,32.7057234191895,3585,10
993,0.0018159220126956,1,0,35,cruise,8,11.029058621364,32.7011457824708,3594,9
994,0.0019978609476668,1,0,35,cruise,8,11.0291564525781,32.6948896789552,3603,9
995,0.00195935732449055,1,0,35,cruise,12,11.0292467779007,32.6892401123045,3612,9
996,0.00185432979254823,1,0,35,cruise,12,11.0293369183812,32.6828047180174,3622,10
997,0.00191538896640797,1,0,35,cruise,12,11.0294197547724,32.6780477905271,3632,10
998,0.00175006895069457,1,0,35,merge,12,11.0295099911708,32.6723104858396,3640,8
999,0.00195208646046526,1,0,35,merge,12,11.0296002655922,32.6662908935545,3650,10
1000,0.0018601078746901,1,0,35,merge,13,11.0296981597072,32.6605612182615,3660,10
