tick,matlabTime,carlaEventTime,otherActorId,otherActorType,impulseMagnitude,egoXAtImpact,egoYAtImpact,egoYawDegAtImpact
174,19.7992,38.975,118,vehicle.nissan.micra,356.395,-45.968,133.864,1.97
174,19.7998,38.988,118,vehicle.nissan.micra,734.286,-45.943,133.870,2.53
174,19.8000,39.000,118,vehicle.nissan.micra,144.365,-45.925,133.865,3.20
174,19.8001,39.013,118,vehicle.nissan.micra,200.297,-45.911,133.860,3.78
174,19.8004,39.025,118,vehicle.nissan.micra,146.044,-45.899,133.856,4.25
174,19.8013,39.037,118,vehicle.nissan.micra,153.358,-45.888,133.852,4.62
174,19.8013,39.050,118,vehicle.nissan.micra,147.439,-45.879,133.849,4.92
174,19.8016,39.062,118,vehicle.nissan.micra,117.855,-45.870,133.846,5.18
175,19.8963,39.062,118,vehicle.nissan.micra,117.855,-45.870,133.846,5.18
175,19.8964,39.075,118,vehicle.nissan.micra,93.112,-45.863,133.845,5.37
175,19.8965,39.087,118,vehicle.nissan.micra,86.270,-45.857,133.843,5.51
175,19.8965,39.100,118,vehicle.nissan.micra,52.069,-45.851,133.842,5.63
175,19.8966,39.112,118,vehicle.nissan.micra,91.214,-45.847,133.841,5.73
175,19.8966,39.124,118,vehicle.nissan.micra,62.189,-45.844,133.840,5.81
175,19.8966,39.136,118,vehicle.nissan.micra,73.625,-45.842,133.839,5.88
175,19.8967,39.148,118,vehicle.nissan.micra,41.526,-45.839,133.839,5.95
175,19.8967,39.160,118,vehicle.nissan.micra,63.524,-45.838,133.838,6.00
176,20.0109,39.173,118,vehicle.nissan.micra,52.464,-45.836,133.837,6.05
176,20.0110,39.186,118,vehicle.nissan.micra,70.534,-45.835,133.836,6.10
176,20.0111,39.199,118,vehicle.nissan.micra,41.698,-45.833,133.836,6.14
176,20.0111,39.211,118,vehicle.nissan.micra,68.510,-45.832,133.835,6.17
176,20.0111,39.225,118,vehicle.nissan.micra,37.250,-45.831,133.834,6.21
176,20.0112,39.237,118,vehicle.nissan.micra,67.687,-45.829,133.833,6.25
176,20.0112,39.249,118,vehicle.nissan.micra,51.910,-45.828,133.832,6.30
176,20.0113,39.261,118,vehicle.nissan.micra,39.834,-45.826,133.832,6.33
176,20.0113,39.274,118,vehicle.nissan.micra,60.697,-45.825,133.831,6.37
177,20.1050,39.287,118,vehicle.nissan.micra,61.339,-45.823,133.830,6.42
177,20.1051,39.301,118,vehicle.nissan.micra,11.375,-45.821,133.829,6.47
177,20.1052,39.313,118,vehicle.nissan.micra,55.839,-45.818,133.829,6.51
177,20.1052,39.325,118,vehicle.nissan.micra,50.100,-45.816,133.828,6.55
177,20.1052,39.337,118,vehicle.nissan.micra,39.448,-45.813,133.827,6.59
177,20.1053,39.349,118,vehicle.nissan.micra,34.925,-45.810,133.826,6.63
177,20.1053,39.361,118,vehicle.nissan.micra,10.882,-45.806,133.826,6.66
177,20.1053,39.374,118,vehicle.nissan.micra,68.035,-45.802,133.826,6.69
178,20.2317,39.374,118,vehicle.nissan.micra,68.035,-45.802,133.826,6.69
178,20.2319,39.387,118,vehicle.nissan.micra,77.311,-45.797,133.825,6.73
178,20.2319,39.423,118,vehicle.nissan.micra,45.439,-45.781,133.825,6.82
178,20.2320,39.447,118,vehicle.nissan.micra,64.001,-45.775,133.825,6.83
178,20.2320,39.459,118,vehicle.nissan.micra,144.865,-45.758,133.826,6.88
178,20.2320,39.472,118,vehicle.nissan.micra,48.120,-45.750,133.826,6.94
178,20.2321,39.484,118,vehicle.nissan.micra,52.726,-45.742,133.825,7.00
178,20.2321,39.498,118,vehicle.nissan.micra,47.188,-45.734,133.825,7.05
179,20.3264,39.498,118,vehicle.nissan.micra,47.188,-45.734,133.825,7.05
179,20.3265,39.511,118,vehicle.nissan.micra,23.838,-45.724,133.825,7.10
179,20.3266,39.547,118,vehicle.nissan.micra,31.755,-45.690,133.828,7.15
179,20.3266,39.558,118,vehicle.nissan.micra,38.739,-45.677,133.830,7.17
179,20.3266,39.571,118,vehicle.nissan.micra,30.345,-45.663,133.831,7.18
179,20.3267,39.583,118,vehicle.nissan.micra,34.784,-45.647,133.833,7.20
179,20.3267,39.596,118,vehicle.nissan.micra,39.750,-45.630,133.835,7.21
180,20.4385,39.596,118,vehicle.nissan.micra,39.750,-45.630,133.835,7.21
180,20.4387,39.608,118,vehicle.nissan.micra,23.678,-45.612,133.837,7.23
180,20.4387,39.621,118,vehicle.nissan.micra,9.993,-45.593,133.839,7.25
180,20.4388,39.633,118,vehicle.nissan.micra,7.040,-45.573,133.841,7.26
180,20.4388,39.645,118,vehicle.nissan.micra,4.073,-45.552,133.844,7.26
180,20.4389,39.658,118,vehicle.nissan.micra,1.670,-45.530,133.847,7.27
180,20.4389,39.670,118,vehicle.nissan.micra,3.145,-45.505,133.850,7.28
180,20.4390,39.682,118,vehicle.nissan.micra,1.869,-45.482,133.853,7.29
181,20.5471,39.719,118,vehicle.nissan.micra,9.996,-45.403,133.863,7.31
181,20.5473,39.731,118,vehicle.nissan.micra,28.440,-45.376,133.866,7.33
181,20.5473,39.743,118,vehicle.nissan.micra,43.419,-45.348,133.869,7.37
181,20.5473,39.755,118,vehicle.nissan.micra,57.221,-45.321,133.873,7.42
181,20.5474,39.766,118,vehicle.nissan.micra,70.292,-45.293,133.876,7.50
181,20.5474,39.778,118,vehicle.nissan.micra,81.933,-45.266,133.880,7.61
181,20.5474,39.790,118,vehicle.nissan.micra,86.211,-45.238,133.883,7.74
181,20.5476,39.802,118,vehicle.nissan.micra,100.576,-45.211,133.886,7.89
181,20.5477,39.814,118,vehicle.nissan.micra,149.911,-45.183,133.890,8.06
182,20.6531,39.827,118,vehicle.nissan.micra,130.899,-45.157,133.893,8.28
182,20.6532,39.840,118,vehicle.nissan.micra,30.225,-45.130,133.895,8.55
182,20.6533,39.852,118,vehicle.nissan.micra,86.742,-45.105,133.898,8.77
182,20.6533,39.864,118,vehicle.nissan.micra,79.982,-45.081,133.902,8.95
182,20.6533,39.876,118,vehicle.nissan.micra,83.877,-45.057,133.906,9.14
182,20.6534,39.887,118,vehicle.nissan.micra,79.444,-45.034,133.909,9.31
182,20.6534,39.899,118,vehicle.nissan.micra,77.631,-45.011,133.913,9.48
182,20.6534,39.911,118,vehicle.nissan.micra,77.249,-44.989,133.917,9.65
182,20.6535,39.923,118,vehicle.nissan.micra,204.166,-44.967,133.921,9.81
183,20.7721,39.935,118,vehicle.nissan.micra,1.622,-44.945,133.924,10.01
183,20.7723,39.947,118,vehicle.nissan.micra,12.116,-44.922,133.928,10.15
183,20.7724,39.959,118,vehicle.nissan.micra,5.512,-44.900,133.933,10.26
505,58.4662,77.638,141,static.prop.trashcan01,2308.551,-7.334,107.064,-88.48
505,58.4667,77.652,141,static.prop.trashcan01,675.198,-7.319,107.011,-87.25
505,58.4668,77.666,141,static.prop.trashcan01,171.441,-7.325,107.001,-86.68
505,58.4668,77.681,141,static.prop.trashcan01,167.495,-7.329,106.994,-86.30
505,58.4668,77.695,141,static.prop.trashcan01,141.099,-7.331,106.989,-86.03
505,58.4669,77.709,141,static.prop.trashcan01,106.747,-7.332,106.986,-85.86
505,58.4669,77.724,141,static.prop.trashcan01,132.947,-7.333,106.984,-85.77
506,58.5741,77.741,141,static.prop.trashcan01,31.080,-7.333,106.983,-85.71
506,58.5743,77.756,141,static.prop.trashcan01,54.401,-7.333,106.982,-85.67
506,58.5744,77.770,141,static.prop.trashcan01,100.375,-7.334,106.981,-85.65
506,58.5744,77.785,141,static.prop.trashcan01,38.465,-7.335,106.981,-85.63
506,58.5744,77.799,141,static.prop.trashcan01,19.219,-7.335,106.980,-85.60
506,58.5745,77.814,141,static.prop.trashcan01,77.347,-7.336,106.980,-85.59
506,58.5745,77.829,141,static.prop.trashcan01,47.836,-7.336,106.980,-85.59
507,58.6888,77.846,141,static.prop.trashcan01,106.332,-7.337,106.980,-85.58
507,58.6889,77.861,141,static.prop.trashcan01,19.243,-7.338,106.979,-85.55
507,58.6890,77.875,141,static.prop.trashcan01,114.262,-7.339,106.979,-85.53
507,58.6890,77.889,141,static.prop.trashcan01,47.168,-7.340,106.979,-85.52
507,58.6891,77.904,141,static.prop.trashcan01,89.934,-7.340,106.978,-85.49
507,58.6891,77.918,141,static.prop.trashcan01,78.757,-7.341,106.978,-85.45
507,58.6891,77.932,141,static.prop.trashcan01,32.918,-7.342,106.977,-85.41
507,58.6892,77.946,141,static.prop.trashcan01,126.938,-7.342,106.976,-85.39
508,58.7904,77.961,141,static.prop.trashcan01,97.017,-7.343,106.976,-85.36
508,58.7905,77.977,141,static.prop.trashcan01,97.500,-7.344,106.975,-85.32
508,58.7906,77.991,141,static.prop.trashcan01,87.159,-7.344,106.974,-85.27
508,58.7906,78.006,141,static.prop.trashcan01,96.282,-7.345,106.974,-85.22
508,58.7906,78.020,141,static.prop.trashcan01,130.285,-7.346,106.973,-85.20
508,58.7907,78.034,141,static.prop.trashcan01,94.206,-7.346,106.972,-85.14
508,58.7907,78.048,141,static.prop.trashcan01,95.319,-7.347,106.971,-85.09
509,58.9114,78.064,141,static.prop.trashcan01,108.596,-7.348,106.970,-85.04
509,58.9115,78.079,141,static.prop.trashcan01,88.959,-7.349,106.969,-84.97
509,58.9116,78.094,141,static.prop.trashcan01,86.407,-7.350,106.968,-84.91
509,58.9116,78.108,141,static.prop.trashcan01,90.320,-7.351,106.966,-84.85
509,58.9117,78.123,141,static.prop.trashcan01,86.999,-7.351,106.965,-84.80
509,58.9118,78.138,141,static.prop.trashcan01,96.725,-7.352,106.964,-84.75
509,58.9118,78.152,141,static.prop.trashcan01,92.563,-7.353,106.963,-84.69
509,58.9118,78.166,141,static.prop.trashcan01,89.733,-7.354,106.962,-84.64
509,58.9119,78.180,141,static.prop.trashcan01,94.357,-7.355,106.961,-84.59
510,59.0234,78.195,141,static.prop.trashcan01,91.874,-7.355,106.960,-84.53
510,59.0235,78.210,141,static.prop.trashcan01,87.960,-7.356,106.959,-84.47
510,59.0236,78.224,141,static.prop.trashcan01,80.286,-7.357,106.958,-84.42
510,59.0236,78.239,141,static.prop.trashcan01,63.713,-7.358,106.957,-84.37
510,59.0236,78.253,141,static.prop.trashcan01,87.728,-7.359,106.956,-84.31
510,59.0237,78.267,141,static.prop.trashcan01,86.297,-7.360,106.955,-84.26
510,59.0237,78.281,141,static.prop.trashcan01,82.702,-7.361,106.954,-84.20
511,59.1274,78.297,141,static.prop.trashcan01,92.274,-7.362,106.952,-84.15
511,59.1276,78.311,141,static.prop.trashcan01,74.474,-7.363,106.951,-84.09
511,59.1277,78.325,141,static.prop.trashcan01,51.409,-7.364,106.950,-84.04
511,59.1277,78.340,141,static.prop.trashcan01,69.069,-7.365,106.948,-84.00
511,59.1277,78.354,141,static.prop.trashcan01,55.383,-7.366,106.945,-83.95
511,59.1278,78.369,141,static.prop.trashcan01,72.684,-7.366,106.942,-83.91
511,59.1278,78.383,141,static.prop.trashcan01,68.467,-7.367,106.939,-83.86
512,59.2451,78.399,141,static.prop.trashcan01,79.706,-7.368,106.936,-83.80
512,59.2452,78.413,141,static.prop.trashcan01,69.451,-7.369,106.932,-83.74
512,59.2453,78.427,141,static.prop.trashcan01,50.876,-7.369,106.928,-83.69
512,59.2453,78.442,141,static.prop.trashcan01,23.912,-7.369,106.923,-83.65
512,59.2454,78.456,141,static.prop.trashcan01,12.254,-7.369,106.917,-83.62
512,59.2454,78.471,141,static.prop.trashcan01,10.131,-7.369,106.909,-83.60
512,59.2454,78.486,141,static.prop.trashcan01,10.302,-7.368,106.899,-83.58
512,59.2455,78.500,141,static.prop.trashcan01,12.527,-7.367,106.887,-83.57
513,59.3421,78.516,141,static.prop.trashcan01,0.567,-7.365,106.875,-83.55
513,59.3422,78.531,141,static.prop.trashcan01,5.979,-7.364,106.860,-83.55
