tick,matlabTime,carlaTime,dt,egoX,egoY,egoZ,egoYaw,egoSpeed,vxDerived,vyDerived,throttle,brake,steerDeg,targetSpeed,decisionState,selectedCandidate,k2Active,feasibleCount,cteApprox,headErrDeg,cumCollisionCount,newEventsThisTick,goalDist
1,0.6752,19.406,0.1000,-63.900,-135.420,0.000,0.0227,0.000,0.000,0.000,1.000,0.000,0.00,4.00,cruise,8,0,15,0.000,-0.00,0,0,68.368
2,0.8287,19.971,0.6192,-63.900,-135.420,0.000,0.0227,0.000,0.000,0.000,1.000,0.000,0.00,4.00,cruise,8,0,15,0.000,-0.00,0,0,68.368
3,0.9194,20.119,0.1504,-63.900,-135.420,0.000,0.0227,0.000,0.000,0.000,1.000,0.000,0.00,4.00,cruise,8,0,15,0.000,-0.00,0,0,68.368
4,1.0032,20.225,0.1006,-63.900,-135.420,0.000,0.0227,0.000,0.000,0.000,1.000,0.000,0.00,4.00,cruise,8,0,13,0.000,-0.00,0,0,68.368
5,1.2064,20.352,0.1107,-63.900,-135.420,0.000,0.0227,0.004,0.004,0.000,1.000,0.000,6.64,4.00,cruise,11,0,10,0.000,-0.00,0,0,68.368
6,1.2601,20.491,0.1624,-63.710,-135.415,0.000,0.0231,2.274,2.273,0.053,0.863,0.000,10.35,4.00,cruise,9,0,14,0.001,0.03,0,0,68.207
7,1.3591,20.595,0.1070,-63.425,-135.385,0.000,0.0410,3.154,3.151,0.129,0.423,0.000,3.93,4.00,cruise,8,0,15,0.024,1.05,0,0,67.953
8,1.4709,20.711,0.1111,-63.018,-135.323,0.000,0.0708,3.842,3.833,0.272,0.079,0.000,8.52,4.00,cruise,10,0,6,0.077,2.76,0,0,67.581
9,1.5778,20.816,0.1113,-62.604,-135.259,0.000,0.0950,4.071,4.053,0.386,0.000,0.212,1.84,2.80,avoid,1,1,0,0.132,4.14,0,0,67.203
10,1.6978,20.933,0.1088,-62.138,-135.172,0.000,0.1213,3.991,3.962,0.483,0.000,0.199,-4.68,2.80,avoid,1,1,0,0.208,5.65,0,0,66.769
11,1.7909,21.036,0.1111,-61.744,-135.119,0.000,0.1232,3.776,3.748,0.464,0.000,0.163,-11.35,2.80,avoid,2,0,2,0.252,5.76,0,0,66.414
12,1.9104,21.156,0.1100,-61.309,-135.105,0.000,0.0942,3.480,3.465,0.327,0.000,0.113,-17.26,2.80,avoid,7,1,0,0.256,4.10,0,0,66.048
13,2.0138,21.262,0.1100,-60.958,-135.137,0.000,0.0481,3.231,3.227,0.155,0.000,0.072,-23.86,2.80,avoid,3,0,3,0.216,1.46,0,0,65.778
14,2.1320,21.377,0.1106,-60.618,-135.218,0.000,-0.0195,2.969,2.968,-0.058,0.000,0.028,-30.50,2.80,avoid,1,1,0,0.128,-2.42,0,0,65.546
15,2.2455,21.488,0.1101,-60.338,-135.338,0.000,-0.1002,2.727,2.713,-0.273,0.037,0.000,-35.00,2.80,avoid,1,1,0,0.001,-7.04,0,0,65.386
16,2.3392,21.587,0.1101,-60.135,-135.476,0.000,-0.1840,2.537,2.494,-0.464,0.131,0.000,-35.00,2.80,avoid,1,1,0,0.142,-11.84,0,0,65.302
17,2.4645,21.709,0.1109,-59.937,-135.674,0.000,-0.2936,2.452,2.347,-0.710,0.174,0.000,-32.30,2.80,avoid,1,1,0,0.344,-18.12,0,0,65.256
18,2.5725,21.817,0.1104,-59.776,-135.865,0.000,-0.3872,2.472,2.289,-0.934,0.164,0.000,-25.68,2.80,avoid,8,0,6,0.538,-23.48,0,0,65.238
19,2.6813,21.925,0.1109,-59.612,-136.062,0.000,-0.4687,2.543,2.269,-1.149,0.129,0.000,-19.02,2.80,avoid,7,0,7,0.739,-28.16,0,0,65.222
20,2.7822,22.030,0.1093,-59.435,-136.256,0.000,-0.5308,2.594,2.237,-1.313,0.103,0.000,-12.47,2.80,avoid,7,0,7,0.937,-31.71,0,0,65.195
21,2.8964,22.144,0.1100,-59.227,-136.462,0.000,-0.5781,2.607,2.183,-1.425,0.096,0.000,-5.87,2.80,avoid,3,0,1,1.148,-34.42,0,0,65.151
22,3.0141,22.257,0.1120,-59.009,-136.656,0.000,-0.6057,2.586,2.126,-1.472,0.107,0.000,0.86,2.80,avoid,4,1,0,1.346,-36.00,0,0,65.093
23,3.1167,22.371,0.1113,-58.777,-136.832,0.000,-0.6130,2.541,2.078,-1.462,0.129,0.000,7.53,2.80,avoid,12,0,4,1.528,-36.42,0,0,65.014
24,3.2350,22.482,0.1105,-58.541,-136.980,0.000,-0.6018,2.494,2.056,-1.412,0.153,0.000,14.16,2.80,avoid,13,0,3,1.681,-35.78,0,0,64.917
25,3.3486,22.594,0.1106,-58.294,-137.102,0.000,-0.5736,2.447,2.056,-1.328,0.176,0.000,20.80,2.80,avoid,1,1,0,1.809,-34.16,0,0,64.795
26,3.4524,22.698,0.1120,-58.059,-137.185,0.000,-0.5323,2.402,2.070,-1.219,0.199,0.000,27.52,2.80,avoid,1,1,0,1.897,-31.80,0,0,64.660
27,3.5938,22.821,0.1113,-57.779,-137.236,0.000,-0.4638,2.348,2.100,-1.050,0.226,0.000,27.42,2.80,avoid,1,1,0,1.954,-27.87,0,0,64.471
28,3.6931,22.938,0.1116,-57.514,-137.244,0.000,-0.3869,2.385,2.209,-0.900,0.207,0.000,34.12,2.80,avoid,15,1,0,1.969,-23.47,0,0,64.267
29,3.8032,23.047,0.1094,-57.269,-137.225,0.000,-0.3097,2.346,2.235,-0.715,0.227,0.000,35.00,2.80,avoid,15,1,0,1.955,-19.04,0,0,64.063
30,3.9068,23.155,0.1105,-57.041,-137.163,0.000,-0.2194,2.346,2.290,-0.511,0.227,0.000,35.00,2.80,avoid,15,1,0,1.899,-13.87,0,0,63.846
31,4.0196,23.267,0.1107,-56.812,-137.071,0.000,-0.1222,2.389,2.372,-0.291,0.205,0.000,35.00,2.80,avoid,15,1,0,1.811,-8.30,0,0,63.609
32,4.1319,23.377,0.1097,-56.593,-136.956,0.000,-0.0249,2.437,2.436,-0.061,0.182,0.000,35.00,2.80,avoid,15,1,0,1.702,-2.73,0,0,63.367
33,4.2465,23.484,0.1099,-56.390,-136.823,0.000,0.0709,2.462,2.456,0.174,0.169,0.000,35.00,2.80,avoid,15,1,0,1.574,2.76,0,0,63.125
34,4.3472,23.590,0.1094,-56.199,-136.671,0.000,0.1672,2.479,2.445,0.413,0.160,0.000,28.44,2.80,avoid,1,1,0,1.425,8.28,0,0,62.880
35,4.4661,23.707,0.1101,-55.990,-136.489,0.000,0.2649,2.555,2.466,0.669,0.122,0.000,21.83,2.80,avoid,1,1,0,1.248,13.88,0,0,62.604
36,4.5740,23.814,0.1118,-55.785,-136.321,0.000,0.3373,2.608,2.462,0.863,0.096,0.000,15.12,2.80,avoid,1,1,0,1.085,18.03,0,0,62.338
37,4.6881,23.928,0.1093,-55.550,-136.146,0.000,0.3949,2.615,2.414,1.006,0.092,0.000,8.56,2.80,avoid,1,1,0,0.915,21.33,0,0,62.046
38,4.7970,24.040,0.1108,-55.312,-135.986,0.000,0.4318,2.593,2.355,1.085,0.104,0.000,1.91,2.80,avoid,1,1,0,0.760,23.44,0,0,61.760
39,4.9056,24.149,0.1115,-55.069,-135.844,0.000,0.4488,2.550,2.298,1.107,0.125,0.000,-4.77,2.80,avoid,1,1,0,0.624,24.41,0,0,61.482
40,5.0154,24.260,0.1110,-54.816,-135.726,0.000,0.4442,2.503,2.260,1.075,0.149,0.000,-11.44,2.80,avoid,1,1,0,0.512,24.15,0,0,61.210
41,5.1267,24.367,0.1124,-54.566,-135.638,0.000,0.4234,2.462,2.245,1.012,0.169,0.000,-18.18,2.80,avoid,1,1,0,0.430,22.96,0,0,60.960
42,5.2474,24.491,0.1094,-54.275,-135.572,0.000,0.3814,2.411,2.238,0.898,0.194,0.000,-24.75,2.80,avoid,5,0,5,0.370,20.55,0,0,60.692
43,5.3482,24.594,0.1100,-54.035,-135.550,0.000,0.3323,2.374,2.245,0.775,0.213,0.000,-31.35,2.80,avoid,1,1,0,0.353,17.74,0,0,60.492
44,5.4677,24.708,0.1110,-53.777,-135.568,0.000,0.2602,2.314,2.236,0.595,0.243,0.000,-35.00,2.80,avoid,1,1,0,0.378,13.61,0,0,60.303
45,5.5874,24.831,0.1115,-53.522,-135.641,0.000,0.1643,2.287,2.256,0.374,0.000,0.381,-35.00,0.00,emergency_stop,1,1,0,0.457,8.11,0,0,60.152
46,5.6910,24.935,0.1110,-53.321,-135.734,0.000,0.0773,2.255,2.248,0.174,0.000,0.376,-35.00,0.00,emergency_stop,1,1,0,0.554,3.13,0,0,60.056
47,5.8058,25.050,0.1103,-53.140,-135.848,0.000,-0.0162,1.823,1.823,-0.030,0.000,0.304,-35.00,0.00,emergency_stop,1,1,0,0.672,-2.23,0,0,59.989
48,5.9165,25.162,0.1115,-53.016,-135.955,0.000,-0.0942,1.443,1.436,-0.136,0.000,0.240,-28.31,0.00,emergency_stop,15,1,0,0.781,-6.70,0,0,59.962
49,6.0229,25.269,0.1105,-52.928,-136.037,0.000,-0.1500,1.056,1.044,-0.158,0.000,0.176,-21.68,0.00,emergency_stop,8,0,15,0.866,-9.90,0,0,59.947
50,6.1341,25.380,0.1088,-52.867,-136.085,0.000,-0.1804,0.114,0.112,-0.020,0.000,0.019,-15.15,0.00,emergency_stop,8,0,15,0.915,-11.64,0,0,59.931
51,6.2506,25.493,0.1115,-52.867,-136.085,0.000,-0.1804,0.001,0.001,-0.000,0.000,0.000,-8.46,0.00,emergency_stop,8,0,15,0.915,-11.64,0,0,59.931
52,6.3598,25.606,0.1105,-52.867,-136.085,0.000,-0.1804,0.001,0.001,-0.000,0.000,0.000,-1.82,0.00,emergency_stop,8,0,15,0.915,-11.64,0,0,59.932
53,6.4729,25.717,0.1100,-52.867,-136.085,0.000,-0.1804,0.001,0.001,-0.000,0.000,0.000,4.77,0.00,emergency_stop,8,0,15,0.915,-11.64,0,0,59.931
54,6.5733,25.818,0.1095,-52.867,-136.085,0.000,-0.1804,0.000,0.000,-0.000,0.000,0.000,11.35,0.00,emergency_stop,8,0,15,0.915,-11.64,0,0,59.931
55,6.6852,25.932,0.1112,-52.867,-136.085,0.000,-0.1804,0.000,0.000,-0.000,0.000,0.000,18.02,0.00,emergency_stop,8,0,15,0.915,-11.64,0,0,59.931
56,6.7976,26.045,0.1090,-52.867,-136.085,0.000,-0.1804,0.000,0.000,-0.000,0.000,0.000,11.48,0.00,emergency_stop,4,0,5,0.915,-11.64,0,0,59.931
57,6.9002,26.147,0.1108,-52.867,-136.085,0.000,-0.1804,0.000,0.000,-0.000,0.000,0.000,18.13,0.00,emergency_stop,8,0,14,0.915,-11.64,0,0,59.931
58,7.0146,26.262,0.1107,-52.867,-136.085,0.000,-0.1804,0.000,0.000,-0.000,0.000,0.000,24.77,0.00,emergency_stop,8,0,14,0.915,-11.64,0,0,59.931
59,7.1272,26.375,0.1099,-52.867,-136.085,0.000,-0.1804,0.000,0.000,-0.000,0.300,0.000,31.36,0.60,brake,8,0,14,0.915,-11.64,0,0,59.931
60,7.2399,26.486,0.1090,-52.867,-136.085,0.000,-0.1806,0.015,0.015,-0.003,0.293,0.000,35.00,0.60,brake,8,0,13,0.915,-11.65,0,0,59.932
61,7.3508,26.597,0.1109,-52.865,-136.085,0.000,-0.1798,0.065,0.064,-0.012,0.267,0.000,35.00,0.60,brake,8,0,13,0.915,-11.60,0,0,59.930
62,7.4569,26.703,0.1102,-52.853,-136.080,0.000,-0.1746,0.185,0.183,-0.032,0.207,0.000,35.00,0.60,brake,8,0,13,0.911,-11.30,0,0,59.918
63,7.5688,26.813,0.1108,-52.828,-136.070,0.000,-0.1638,0.332,0.328,-0.054,0.134,0.000,35.00,0.60,brake,8,0,15,0.901,-10.68,0,0,59.892
64,7.6924,26.937,0.1090,-52.790,-136.052,0.000,-0.1463,0.440,0.435,-0.064,0.080,0.000,35.00,0.60,brake,8,0,11,0.884,-9.68,0,0,59.851
65,7.7946,27.040,0.1101,-52.753,-136.034,0.000,-0.1294,0.473,0.469,-0.061,0.064,0.000,35.00,0.60,brake,10,0,9,0.866,-8.72,0,0,59.811
66,7.9038,27.151,0.1113,-52.711,-136.012,0.000,-0.1101,0.483,0.480,-0.053,0.059,0.000,35.00,0.60,brake,10,0,8,0.845,-7.61,0,0,59.765
67,8.0187,27.264,0.1093,-52.669,-135.988,0.000,-0.0903,0.482,0.480,-0.043,0.059,0.000,35.00,0.60,brake,10,0,9,0.823,-6.47,0,0,59.718
68,8.1357,27.383,0.1094,-52.626,-135.963,0.000,-0.0699,0.468,0.467,-0.033,0.066,0.000,28.44,0.60,brake,4,0,6,0.799,-5.30,0,0,59.669
69,8.2388,27.486,0.1100,-52.588,-135.943,0.000,-0.0541,0.476,0.475,-0.026,0.062,0.000,21.84,0.60,brake,4,0,4,0.780,-4.40,0,0,59.627
70,8.3518,27.597,0.1107,-52.542,-135.927,0.000,-0.0408,0.484,0.483,-0.020,0.058,0.000,15.20,0.60,brake,1,1,0,0.764,-3.64,0,0,59.581
71,8.4665,27.710,0.1097,-52.493,-135.914,0.000,-0.0310,0.486,0.486,-0.015,0.057,0.000,8.62,0.60,brake,4,0,4,0.753,-3.08,0,0,59.536
72,8.5725,27.817,0.1122,-52.445,-135.906,0.000,-0.0251,0.487,0.486,-0.012,0.057,0.000,15.35,0.60,brake,8,0,9,0.746,-2.74,0,0,59.494
73,8.6812,27.926,0.1110,-52.396,-135.900,0.000,-0.0195,0.470,0.470,-0.009,1.000,0.000,22.01,2.80,avoid,8,0,11,0.740,-2.42,0,0,59.452
74,8.8011,28.045,0.1112,-52.346,-135.887,0.000,-0.0096,0.486,0.486,-0.005,1.000,0.000,15.34,2.80,avoid,1,1,0,0.729,-1.85,0,0,59.406
75,8.9030,28.148,0.1111,-52.283,-135.870,0.000,0.0031,0.857,0.857,0.003,0.971,0.000,8.67,2.80,avoid,1,1,0,0.713,-1.12,0,0,59.346
76,9.0180,28.265,0.1082,-52.144,-135.845,0.000,0.0194,1.563,1.563,0.030,0.619,0.000,2.18,2.80,avoid,1,1,0,0.692,-0.19,0,0,59.225
77,9.1295,28.369,0.1102,-51.946,-135.824,0.000,0.0304,2.229,2.228,0.068,0.000,0.272,-4.43,0.60,brake,1,1,0,0.675,0.44,0,0,59.060
78,9.2346,28.475,0.1094,-51.685,-135.816,0.000,0.0292,2.591,2.590,0.076,0.000,0.432,-10.99,0.00,emergency_stop,1,1,0,0.673,0.37,0,0,58.857
79,9.3442,28.589,0.1102,-51.394,-135.835,0.000,0.0090,2.473,2.473,0.022,0.000,0.412,-17.60,0.00,emergency_stop,1,1,0,0.699,-0.78,0,0,58.649
80,9.4631,28.705,0.1106,-51.132,-135.884,0.000,-0.0273,2.200,2.199,-0.060,0.000,0.367,-24.24,0.00,emergency_stop,1,1,0,0.754,-2.86,0,0,58.483
81,9.5680,28.810,0.1118,-50.929,-135.950,0.000,-0.0702,1.940,1.935,-0.136,0.000,0.323,-30.95,0.00,emergency_stop,1,1,0,0.824,-5.32,0,0,58.373
82,9.6786,28.922,0.1102,-50.756,-136.038,0.000,-0.1245,1.659,1.646,-0.206,0.000,0.277,-32.94,0.00,emergency_stop,1,1,0,0.916,-8.43,0,0,58.302
83,9.7907,29.031,0.1065,-50.651,-136.125,0.000,-0.1823,1.159,1.140,-0.210,0.000,0.193,-26.55,0.00,emergency_stop,2,1,0,1.006,-11.75,0,0,58.281
84,9.8929,29.136,0.1105,-50.601,-136.180,0.000,-0.2164,0.027,0.026,-0.006,0.000,0.004,-23.21,0.00,emergency_stop,1,1,0,1.062,-13.70,0,0,58.280
85,10.0027,29.248,0.1103,-50.601,-136.180,0.000,-0.2164,0.001,0.001,-0.000,0.000,0.000,-16.59,0.00,emergency_stop,2,0,1,1.062,-13.70,0,0,58.280
86,10.1162,29.361,0.1098,-50.601,-136.181,0.000,-0.2164,0.001,0.001,-0.000,0.000,0.000,-12.72,0.00,emergency_stop,2,0,2,1.062,-13.70,0,0,58.280
87,10.2264,29.473,0.1102,-50.601,-136.181,0.000,-0.2164,0.000,0.000,-0.000,0.000,0.000,-6.11,0.00,emergency_stop,3,0,3,1.062,-13.70,0,0,58.280
88,10.3354,29.583,0.1100,-50.601,-136.181,0.000,-0.2164,0.000,0.000,-0.000,0.000,0.000,-0.37,0.00,emergency_stop,3,0,3,1.062,-13.70,0,0,58.281
89,10.4402,29.689,0.1104,-50.601,-136.181,0.000,-0.2164,0.000,0.000,-0.000,0.000,0.000,-0.37,0.00,emergency_stop,3,0,3,1.062,-13.70,0,0,58.281
90,10.5475,29.796,0.1119,-50.601,-136.181,0.000,-0.2164,0.000,0.000,-0.000,0.000,0.000,6.35,0.00,emergency_stop,4,0,4,1.063,-13.70,0,0,58.281
91,10.6593,29.904,0.1092,-50.601,-136.181,0.000,-0.2164,0.000,0.000,-0.000,0.000,0.000,12.90,0.00,emergency_stop,8,0,10,1.063,-13.70,0,0,58.281
92,10.7772,30.024,0.1092,-50.601,-136.181,0.000,-0.2164,0.000,0.000,-0.000,0.000,0.000,19.45,0.00,emergency_stop,8,0,10,1.063,-13.70,0,0,58.281
93,10.8833,30.132,0.1087,-50.601,-136.181,0.000,-0.2164,0.000,0.000,-0.000,0.000,0.000,25.98,0.00,emergency_stop,8,0,11,1.063,-13.70,0,0,58.281
94,10.9927,30.239,0.1103,-50.601,-136.181,0.000,-0.2164,0.000,0.000,-0.000,0.000,0.000,32.60,0.00,emergency_stop,9,0,6,1.063,-13.70,0,0,58.281
95,11.0988,30.347,0.1061,-50.601,-136.181,0.000,-0.2164,0.000,0.000,-0.000,0.000,0.000,35.00,0.00,emergency_stop,9,0,7,1.063,-13.70,0,0,58.281
96,11.2059,30.454,0.1109,-50.601,-136.181,0.000,-0.2164,0.000,0.000,-0.000,0.000,0.000,35.00,0.00,emergency_stop,11,0,3,1.063,-13.70,0,0,58.281
97,11.3145,30.561,0.1105,-50.601,-136.181,0.000,-0.2164,0.000,0.000,-0.000,0.300,0.000,35.00,0.60,brake,11,0,3,1.063,-13.70,0,0,58.281
98,11.4259,30.673,0.1118,-50.601,-136.181,0.000,-0.2161,0.032,0.031,-0.007,0.284,0.000,28.29,0.60,brake,1,1,0,1.062,-13.68,0,0,58.280
99,11.5367,30.785,0.1109,-50.598,-136.180,0.000,-0.2151,0.088,0.086,-0.019,0.256,0.000,21.64,0.60,brake,1,1,0,1.062,-13.62,0,0,58.278
100,11.6550,30.901,0.1115,-50.580,-136.178,0.000,-0.2104,0.227,0.222,-0.047,0.186,0.000,14.95,0.60,brake,1,1,0,1.060,-13.36,0,0,58.263
101,11.7667,31.012,0.1101,-50.548,-136.176,0.000,-0.2046,0.345,0.338,-0.070,0.128,0.000,21.55,0.60,brake,12,1,0,1.059,-13.02,0,0,58.238
102,11.8767,31.123,0.1104,-50.503,-136.174,0.000,-0.1963,0.432,0.423,-0.084,0.084,0.000,28.17,0.60,brake,13,0,1,1.057,-12.55,0,0,58.202
103,11.9860,31.232,0.1107,-50.453,-136.165,0.000,-0.1834,0.465,0.458,-0.085,0.067,0.000,34.82,0.60,brake,13,0,1,1.050,-11.81,0,0,58.159
104,12.0943,31.341,0.1105,-50.406,-136.150,0.000,-0.1664,0.459,0.453,-0.076,0.070,0.000,35.00,0.60,brake,13,0,1,1.036,-10.84,0,0,58.114
105,12.2010,31.448,0.1111,-50.362,-136.130,0.000,-0.1468,0.465,0.460,-0.068,0.067,0.000,35.00,0.60,brake,12,0,3,1.017,-9.71,0,0,58.068
106,12.3105,31.558,0.1100,-50.319,-136.108,0.000,-0.1265,0.466,0.462,-0.059,0.067,0.000,35.00,0.60,brake,12,0,3,0.996,-8.55,0,0,58.021
107,12.4194,31.667,0.1095,-50.275,-136.085,0.000,-0.1062,0.468,0.465,-0.050,0.066,0.000,35.00,0.60,brake,12,0,4,0.974,-7.38,0,0,57.973
108,12.5294,31.778,0.1102,-50.232,-136.060,0.000,-0.0856,0.464,0.462,-0.040,0.068,0.000,35.00,0.60,brake,12,0,4,0.950,-6.20,0,0,57.925
109,12.6396,31.888,0.1083,-50.190,-136.035,0.000,-0.0652,0.465,0.464,-0.030,0.067,0.000,35.00,0.60,brake,12,0,4,0.926,-5.04,0,0,57.877
110,12.7530,32.000,0.1110,-50.147,-136.009,0.000,-0.0446,0.464,0.464,-0.021,0.068,0.000,35.00,0.60,brake,14,0,2,0.901,-3.85,0,0,57.828
111,12.8668,32.114,0.1110,-50.105,-135.982,0.000,-0.0236,0.462,0.462,-0.011,0.069,0.000,35.00,0.60,brake,14,0,2,0.875,-2.65,0,0,57.778
112,12.9800,32.225,0.1096,-50.064,-135.954,0.000,-0.0033,0.459,0.459,-0.002,0.070,0.000,35.00,0.60,brake,14,0,2,0.848,-1.49,0,0,57.729
113,13.0817,32.328,0.1109,-50.027,-135.928,0.000,0.0152,0.457,0.457,0.007,0.072,0.000,35.00,0.60,brake,11,0,5,0.823,-0.43,0,0,57.684
114,13.1966,32.443,0.1108,-49.987,-135.899,0.000,0.0359,0.453,0.453,0.016,0.074,0.000,35.00,0.60,brake,11,0,5,0.794,0.76,0,0,57.634
115,13.3096,32.555,0.1121,-49.948,-135.869,0.000,0.0561,0.453,0.452,0.025,0.074,0.000,35.00,0.60,brake,11,0,5,0.766,1.92,0,0,57.585
116,13.4238,32.669,0.1098,-49.909,-135.838,0.000,0.0765,0.456,0.455,0.035,0.072,0.000,35.00,0.60,brake,12,0,4,0.736,3.09,0,0,57.536
117,13.5261,32.772,0.1103,-49.874,-135.809,0.000,0.0951,0.451,0.449,0.043,0.074,0.000,35.00,0.60,brake,12,0,4,0.707,4.15,0,0,57.491
118,13.6404,32.888,0.1089,-49.836,-135.776,0.000,0.1160,0.450,0.447,0.052,0.075,0.000,35.00,0.60,brake,12,0,4,0.675,5.35,0,0,57.440
119,13.7469,32.992,0.1089,-49.802,-135.746,0.000,0.1346,0.451,0.447,0.061,0.074,0.000,35.00,0.60,brake,13,0,4,0.646,6.41,0,0,57.395
120,13.8632,33.109,0.1081,-49.765,-135.711,0.000,0.1557,0.455,0.449,0.070,0.073,0.000,35.00,0.60,brake,12,0,4,0.612,7.62,0,0,57.344
121,13.9694,33.214,0.1102,-49.732,-135.679,0.000,0.1746,0.450,0.444,0.078,0.075,0.000,35.00,0.60,brake,12,0,4,0.581,8.70,0,0,57.298
122,14.0766,33.319,0.1111,-49.700,-135.647,0.000,0.1934,0.452,0.443,0.087,0.074,0.000,35.00,0.60,brake,12,1,0,0.549,9.78,0,0,57.252
123,14.1931,33.438,0.1106,-49.664,-135.609,0.000,0.2149,0.456,0.445,0.097,0.072,0.000,35.00,0.60,brake,12,1,0,0.512,11.01,0,0,57.201
124,14.3013,33.547,0.1092,-49.632,-135.574,0.000,0.2345,0.449,0.437,0.104,0.075,0.000,35.00,0.60,brake,12,1,0,0.478,12.13,0,0,57.153
125,14.4104,33.654,0.1091,-49.602,-135.539,0.000,0.2534,0.448,0.433,0.112,1.000,0.000,35.00,2.80,avoid,12,1,0,0.444,13.22,0,0,57.108
126,14.5281,33.773,0.1090,-49.567,-135.499,0.000,0.2753,0.530,0.510,0.144,1.000,0.000,33.40,2.80,avoid,12,1,0,0.404,14.47,0,0,57.055
127,14.6295,33.874,0.1108,-49.525,-135.452,0.000,0.3004,0.822,0.785,0.243,0.989,0.000,31.99,2.80,avoid,12,1,0,0.358,15.91,0,0,56.992
128,14.7456,33.988,0.1087,-49.442,-135.361,0.000,0.3450,1.432,1.348,0.484,0.684,0.000,35.00,2.80,avoid,14,0,2,0.269,18.47,0,0,56.869
129,14.8503,34.094,0.1106,-49.333,-135.227,0.000,0.4076,1.977,1.815,0.784,0.411,0.000,35.00,2.80,avoid,14,0,2,0.138,22.06,0,0,56.699
130,14.9775,34.216,0.1097,-49.195,-135.015,0.000,0.5049,2.412,2.111,1.167,0.194,0.000,28.42,2.80,avoid,14,1,0,0.072,27.63,0,0,56.455
131,15.0912,34.332,0.1121,-49.056,-134.772,0.000,0.6024,2.686,2.213,1.522,0.057,0.000,21.70,2.80,avoid,14,0,2,0.311,33.22,0,0,56.190
132,15.1912,34.429,0.1098,-48.921,-134.551,0.000,0.6734,2.794,2.184,1.743,0.000,0.466,15.11,0.00,emergency_stop,14,0,2,0.529,37.29,0,0,55.942
133,15.3121,34.550,0.1095,-48.737,-134.278,0.000,0.7377,2.723,2.015,1.832,0.000,0.454,8.54,0.00,emergency_stop,14,0,2,0.798,40.97,0,0,55.623
134,15.3940,34.631,0.1115,-48.614,-134.108,0.000,0.7670,2.549,1.836,1.769,0.000,0.425,1.85,0.00,emergency_stop,11,0,5,0.965,42.64,0,0,55.419
135,15.5017,34.742,0.1091,-48.443,-133.905,0.000,0.7835,2.289,1.622,1.616,0.000,0.382,-4.70,0.00,emergency_stop,13,0,3,1.164,43.59,0,0,55.157
136,15.6128,34.853,0.1118,-48.275,-133.737,0.000,0.7817,2.022,1.435,1.424,0.000,0.337,-11.40,0.00,emergency_stop,11,0,5,1.328,43.49,0,0,54.919
137,15.7223,34.964,0.1105,-48.116,-133.606,0.000,0.7673,1.773,1.276,1.231,0.000,0.296,-18.03,0.00,emergency_stop,13,0,3,1.456,42.66,0,0,54.713
138,15.8358,35.074,0.1117,-47.967,-133.508,0.000,0.7424,1.518,1.119,1.026,0.000,0.253,-24.73,0.00,emergency_stop,15,1,0,1.550,41.24,0,0,54.537
139,15.9632,35.204,0.1116,-47.925,-133.485,0.000,0.7332,0.000,0.000,0.000,0.000,0.000,-31.43,0.00,emergency_stop,1,1,0,1.572,40.71,0,0,54.489
140,16.0754,35.316,0.1125,-47.924,-133.485,0.000,0.7332,0.000,0.000,0.000,0.000,0.000,-35.00,0.00,emergency_stop,1,1,0,1.572,40.71,0,0,54.489
141,16.1891,35.425,0.1105,-47.924,-133.485,0.000,0.7332,0.000,0.000,0.000,0.000,0.000,-35.00,0.00,emergency_stop,1,1,0,1.572,40.71,0,0,54.489
142,16.2979,35.536,0.1081,-47.924,-133.485,0.000,0.7332,0.000,0.000,0.000,0.000,0.000,-35.00,0.00,emergency_stop,1,1,0,1.572,40.71,0,0,54.489
143,16.4103,35.649,0.1099,-47.924,-133.485,0.000,0.7332,0.000,0.000,0.000,0.000,0.000,-35.00,0.00,emergency_stop,1,1,0,1.572,40.71,0,0,54.489
144,16.5239,35.765,0.1087,-47.924,-133.485,0.000,0.7332,0.000,0.000,0.000,0.000,0.000,-35.00,0.00,emergency_stop,1,1,0,1.573,40.71,0,0,54.489
145,16.6184,35.860,0.1108,-47.924,-133.485,0.000,0.7332,0.000,0.000,0.000,0.000,0.000,-35.00,0.00,emergency_stop,1,1,0,1.573,40.71,0,0,54.489
146,16.7313,35.969,0.1100,-47.924,-133.485,0.000,0.7332,0.000,0.000,0.000,0.000,0.000,-35.00,0.00,emergency_stop,1,1,0,1.573,40.71,0,0,54.489
147,16.8425,36.079,0.1112,-47.924,-133.485,0.000,0.7332,0.000,0.000,0.000,0.000,0.000,-35.00,0.00,emergency_stop,1,1,0,1.573,40.71,0,0,54.489
148,16.9379,36.178,0.1097,-47.924,-133.485,0.000,0.7332,0.000,0.000,0.000,0.000,0.000,-35.00,0.00,emergency_stop,1,1,0,1.573,40.71,0,0,54.489
149,17.0321,36.274,0.1086,-47.924,-133.485,0.000,0.7332,0.000,0.000,0.000,0.000,0.000,-35.00,0.00,emergency_stop,1,1,0,1.573,40.71,0,0,54.489
150,17.1451,36.386,0.1069,-47.924,-133.485,0.000,0.7332,0.000,0.000,0.000,0.000,0.000,-35.00,0.00,emergency_stop,1,1,0,1.573,40.71,0,0,54.489
151,17.2548,36.498,0.1089,-47.924,-133.485,0.000,0.7332,0.000,0.000,0.000,0.300,0.000,-35.00,0.60,brake,10,0,6,1.573,40.71,0,0,54.489
152,17.3658,36.608,0.1105,-47.924,-133.485,0.000,0.7333,0.031,0.023,0.021,0.285,0.000,-35.00,0.60,brake,10,0,6,1.572,40.71,0,0,54.489
153,17.4782,36.720,0.1108,-47.924,-133.485,0.000,0.7331,0.039,0.029,0.026,0.280,0.000,-35.00,0.60,brake,11,0,5,1.572,40.70,0,0,54.489
154,17.5915,36.829,0.1103,-47.913,-133.482,0.000,0.7283,0.183,0.137,0.122,0.208,0.000,-35.00,0.60,brake,11,0,5,1.574,40.43,0,0,54.479
155,17.6992,36.939,0.1101,-47.887,-133.479,0.000,0.7176,0.299,0.225,0.196,0.151,0.000,-35.00,0.60,brake,13,0,3,1.577,39.82,0,0,54.458
156,17.8085,37.048,0.1109,-47.851,-133.474,0.000,0.7024,0.402,0.307,0.259,0.099,0.000,-35.00,0.60,brake,14,0,2,1.581,38.95,0,0,54.427
157,17.9185,37.160,0.1095,-47.806,-133.470,0.000,0.6832,0.446,0.346,0.282,0.077,0.000,-31.70,0.60,brake,15,0,1,1.584,37.85,0,0,54.390
158,18.0285,37.270,0.1097,-47.756,-133.465,0.000,0.6637,0.494,0.389,0.304,0.053,0.000,-30.38,0.60,brake,15,0,1,1.589,36.73,0,0,54.350
159,18.1237,37.368,0.1105,-47.712,-133.458,0.000,0.6478,0.484,0.386,0.292,0.058,0.000,-29.38,0.60,brake,15,0,1,1.594,35.82,0,0,54.313
160,18.2507,37.492,0.1104,-47.656,-133.450,0.000,0.6286,0.478,0.386,0.281,0.061,0.000,-28.12,0.60,brake,15,0,1,1.601,34.71,0,0,54.265
161,18.3596,37.601,0.1102,-47.607,-133.443,0.000,0.6125,0.467,0.382,0.269,0.066,0.000,-27.05,0.60,brake,15,0,1,1.607,33.79,0,0,54.224
162,18.4657,37.710,0.1105,-47.559,-133.435,0.000,0.5974,0.469,0.388,0.264,0.065,0.000,-33.68,0.60,brake,10,0,3,1.614,32.93,0,0,54.183
163,18.5759,37.818,0.1110,-47.513,-133.430,0.000,0.5813,0.447,0.374,0.246,0.076,0.000,-35.00,0.60,brake,11,0,5,1.618,32.01,0,0,54.144
164,18.6911,37.929,0.1115,-47.468,-133.431,0.000,0.5628,0.436,0.369,0.233,0.082,0.000,-35.00,0.60,brake,11,0,5,1.616,30.94,0,0,54.112
165,18.7956,38.037,0.1088,-47.424,-133.434,0.000,0.5443,0.441,0.377,0.228,1.000,0.000,-35.00,2.80,avoid,11,0,5,1.612,29.88,0,0,54.081
166,18.9027,38.145,0.1095,-47.379,-133.438,0.000,0.5254,0.472,0.408,0.237,1.000,0.000,-35.00,2.80,avoid,11,0,5,1.607,28.80,0,0,54.050
167,19.0104,38.253,0.1110,-47.317,-133.442,0.000,0.4997,0.789,0.692,0.378,1.000,0.000,-35.00,2.80,avoid,10,0,6,1.601,27.33,0,0,54.006
168,19.1172,38.360,0.1088,-47.212,-133.450,0.000,0.4579,1.323,1.187,0.585,0.738,0.000,-35.00,2.80,avoid,10,0,6,1.591,24.93,0,0,53.934
169,19.2359,38.478,0.1093,-47.031,-133.473,0.000,0.3874,1.954,1.810,0.738,0.423,0.000,-35.00,2.80,avoid,9,0,2,1.563,20.90,0,0,53.814
170,19.3329,38.579,0.1110,-46.830,-133.513,0.000,0.3087,2.352,2.241,0.715,0.224,0.000,-35.00,2.80,avoid,9,0,2,1.519,16.39,0,0,53.692
171,19.4442,38.690,0.1086,-46.584,-133.585,0.000,0.2093,2.562,2.506,0.532,0.119,0.000,-35.00,2.80,avoid,9,1,0,1.441,10.69,0,0,53.558
172,19.5648,38.808,0.1111,-46.319,-133.695,0.000,0.0976,2.630,2.618,0.256,0.085,0.000,-28.33,2.80,avoid,10,1,0,1.326,4.29,0,0,53.437
173,19.6760,38.912,0.1103,-46.087,-133.808,0.000,0.0053,2.700,2.700,0.014,0.050,0.000,-21.72,2.80,avoid,10,1,0,1.207,-0.99,0,0,53.344
174,19.8018,39.025,0.1099,-45.888,-133.852,0.000,-0.0806,0.866,0.863,-0.070,0.967,0.000,-15.12,2.80,avoid,10,0,6,1.159,-5.92,7,7,53.228
175,19.8968,39.136,0.1086,-45.839,-133.839,0.000,-0.1038,0.175,0.174,-0.018,1.000,0.000,-8.61,2.80,avoid,10,0,6,1.171,-7.25,16,9,53.184
176,20.0113,39.249,0.1110,-45.826,-133.832,0.000,-0.1105,0.124,0.124,-0.014,1.000,0.000,-2.08,2.80,avoid,10,0,3,1.178,-7.63,25,9,53.169
177,20.1054,39.349,0.1093,-45.806,-133.826,0.000,-0.1163,0.322,0.319,-0.037,1.000,0.000,-1.78,2.80,avoid,10,0,3,1.183,-7.96,32,7,53.151
178,20.2323,39.472,0.1117,-45.742,-133.825,0.000,-0.1222,0.649,0.644,-0.079,1.000,0.000,-0.96,2.80,avoid,10,0,3,1.182,-8.30,39,7,53.103
179,20.3267,39.571,0.1101,-45.647,-133.833,0.000,-0.1256,1.314,1.303,-0.165,0.743,0.000,-0.33,2.80,avoid,10,1,0,1.173,-8.50,45,6,53.040
180,20.4390,39.682,0.1089,-45.457,-133.856,0.000,-0.1274,2.092,2.075,-0.266,0.354,0.000,-6.87,2.80,avoid,9,1,0,1.146,-8.60,53,8,52.917
181,20.5477,39.790,0.1101,-45.211,-133.886,0.000,-0.1378,2.332,2.310,-0.320,0.234,0.000,-7.66,2.80,avoid,9,1,0,1.109,-9.19,62,9,52.760
182,20.6535,39.899,0.1099,-44.989,-133.917,0.000,-0.1684,1.946,1.918,-0.326,0.427,0.000,-1.07,2.80,avoid,15,1,0,1.073,-10.95,71,9,52.621
183,20.7724,40.017,0.1110,-44.763,-133.961,0.000,-0.1827,2.060,2.026,-0.374,0.370,0.000,-0.44,2.80,avoid,9,1,0,1.025,-11.77,74,3,52.488
184,20.8782,40.125,0.1099,-44.531,-134.007,0.000,-0.1845,2.296,2.257,-0.421,0.252,0.000,1.97,2.80,avoid,9,0,7,0.974,-11.87,74,0,52.354
185,20.9847,40.233,0.1092,-44.276,-134.051,0.000,-0.1817,2.472,2.431,-0.447,0.164,0.000,8.53,2.80,avoid,12,0,4,0.924,-11.71,74,0,52.202
186,21.0922,40.341,0.1095,-44.009,-134.083,0.000,-0.1697,2.540,2.504,-0.429,0.130,0.000,1.96,2.80,avoid,6,1,0,0.885,-11.02,74,0,52.035
187,21.2015,40.450,0.1115,-43.729,-134.108,0.000,-0.1545,2.567,2.536,-0.395,0.117,0.000,8.65,2.80,avoid,15,1,0,0.855,-10.15,74,0,51.854
188,21.3215,40.568,0.1121,-43.429,-134.134,0.000,-0.1400,2.535,2.510,-0.354,0.232,0.000,1.92,3.00,replan,2,0,2,0.821,-9.32,74,0,51.660
189,21.4302,40.677,0.1112,-43.154,-134.149,0.000,-0.1246,2.542,2.522,-0.316,0.229,0.000,-4.75,3.00,replan,1,1,0,0.800,-8.44,74,0,51.477
190,21.5394,40.788,0.1091,-42.874,-134.185,0.000,-0.1269,2.579,2.558,-0.326,0.211,0.000,-11.29,3.00,replan,1,1,0,0.758,-8.57,74,0,51.307
191,21.6542,40.900,0.1092,-42.590,-134.251,0.000,-0.1483,2.604,2.575,-0.385,0.198,0.000,-17.84,3.00,replan,1,0,1,0.685,-9.80,74,0,51.156
192,21.7652,41.011,0.1102,-42.321,-134.347,0.000,-0.1874,2.602,2.557,-0.485,0.199,0.000,-24.46,3.00,replan,1,1,0,0.583,-12.04,74,0,51.039
193,21.8756,41.121,0.1115,-42.074,-134.475,0.000,-0.2438,2.568,2.493,-0.620,0.216,0.000,-31.15,3.00,replan,1,1,0,0.449,-15.27,74,0,50.961
194,21.9850,41.230,0.1096,-41.859,-134.636,0.000,-0.3173,2.513,2.388,-0.784,0.243,0.000,-24.57,3.00,replan,9,0,7,0.284,-19.48,74,0,50.931
195,22.0876,41.336,0.1107,-41.672,-134.815,0.000,-0.3939,2.609,2.409,-1.001,0.096,0.000,-17.93,2.80,avoid,9,0,8,0.100,-23.87,74,0,50.934
196,22.2006,41.450,0.1099,-41.453,-135.013,0.000,-0.4588,2.694,2.415,-1.193,0.053,0.000,-11.33,2.80,avoid,11,0,5,0.102,-27.59,74,0,50.931
197,22.3143,41.563,0.1100,-41.221,-135.204,0.000,-0.5038,2.686,2.352,-1.296,0.057,0.000,-4.73,2.80,avoid,12,0,4,0.299,-30.16,74,0,50.916
198,22.4158,41.664,0.1109,-41.005,-135.365,0.000,-0.5272,2.633,2.276,-1.325,0.083,0.000,1.92,2.80,avoid,8,0,9,0.464,-31.51,74,0,50.891
199,22.5291,41.778,0.1111,-40.755,-135.520,0.000,-0.5315,2.555,2.203,-1.295,0.122,0.000,8.59,2.80,avoid,8,0,9,0.625,-31.75,74,0,50.841
200,22.6417,41.891,0.1111,-40.501,-135.650,0.000,-0.5186,2.487,2.160,-1.233,0.157,0.000,15.26,2.80,avoid,8,0,8,0.760,-31.01,74,0,50.770
201,22.7576,42.004,0.1109,-40.243,-135.746,0.000,-0.4873,2.429,2.147,-1.138,0.185,0.000,21.92,2.80,avoid,8,0,9,0.863,-29.22,74,0,50.673
202,22.8611,42.108,0.1103,-40.004,-135.804,0.000,-0.4438,2.385,2.154,-1.024,0.207,0.000,28.53,2.80,avoid,8,0,9,0.926,-26.73,74,0,50.560
203,22.9757,42.221,0.1074,-39.745,-135.825,0.000,-0.3789,2.335,2.169,-0.864,0.233,0.000,34.97,2.80,avoid,8,0,8,0.953,-23.01,74,0,50.408
204,23.0914,42.337,0.1118,-39.493,-135.798,0.000,-0.2954,2.280,2.181,-0.664,0.260,0.000,35.00,2.80,avoid,8,0,8,0.931,-18.22,74,0,50.224
205,23.1962,42.441,0.1120,-39.280,-135.734,0.000,-0.2090,2.315,2.265,-0.480,0.242,0.000,35.00,2.80,avoid,14,0,2,0.872,-13.28,74,0,50.038
206,23.3038,42.551,0.1111,-39.060,-135.642,0.000,-0.1149,2.377,2.362,-0.273,0.211,0.000,35.00,2.80,avoid,15,1,0,0.786,-7.88,74,0,49.826
207,23.4240,42.669,0.1098,-38.826,-135.516,0.000,-0.0103,2.436,2.436,-0.025,0.182,0.000,35.00,2.80,avoid,15,1,0,0.665,-1.89,74,0,49.579
208,23.5332,42.779,0.1121,-38.619,-135.377,0.000,0.0880,2.471,2.462,0.217,0.164,0.000,34.17,2.80,avoid,11,1,0,0.530,3.74,74,0,49.339
209,23.6439,42.889,0.1112,-38.420,-135.215,0.000,0.1872,2.504,2.460,0.466,0.148,0.000,33.10,2.80,avoid,12,1,0,0.373,9.42,74,0,49.088
210,23.7482,42.995,0.1091,-38.241,-135.045,0.000,0.2796,2.523,2.425,0.696,0.139,0.000,35.00,2.80,avoid,14,1,0,0.207,14.72,74,0,48.842
211,23.8734,43.116,0.1095,-38.056,-134.829,0.000,0.3876,2.481,2.297,0.938,0.159,0.000,28.43,2.80,avoid,14,1,0,0.004,20.91,74,0,48.558
212,23.9923,43.234,0.1103,-37.892,-134.606,0.000,0.4855,2.542,2.248,1.186,0.129,0.000,21.81,2.80,avoid,2,0,2,0.224,26.52,74,0,48.282
213,24.1122,43.351,0.1118,-37.713,-134.379,0.000,0.5633,2.593,2.193,1.385,0.103,0.000,15.10,2.80,avoid,2,0,2,0.447,30.98,74,0,47.993
214,24.2167,43.458,0.1110,-37.536,-134.171,0.000,0.6171,2.606,2.125,1.508,0.097,0.000,8.45,2.80,avoid,2,0,2,0.650,34.06,74,0,47.720
215,24.3259,43.567,0.1092,-37.343,-133.966,0.000,0.6531,2.588,2.056,1.573,0.106,0.000,1.89,2.80,avoid,2,0,2,0.851,36.12,74,0,47.439
216,24.4380,43.676,0.1071,-37.138,-133.776,0.000,0.6698,2.547,1.997,1.581,0.126,0.000,-4.53,2.80,avoid,5,0,5,1.036,37.07,74,0,47.162
217,24.5470,43.787,0.1080,-36.917,-133.602,0.000,0.6677,2.493,1.958,1.544,0.153,0.000,-11.01,2.80,avoid,8,0,15,1.206,36.95,74,0,46.886
218,24.6542,43.897,0.1088,-36.690,-133.454,0.000,0.6494,2.453,1.954,1.484,0.173,0.000,-17.54,2.80,avoid,8,0,15,1.348,35.91,74,0,46.628
219,24.7837,44.025,0.1120,-36.413,-133.318,0.000,0.6071,2.405,1.976,1.372,0.197,0.000,-24.26,2.80,avoid,8,0,15,1.478,33.48,74,0,46.347
220,24.8939,44.133,0.1108,-36.171,-133.237,0.000,0.5561,2.370,2.013,1.251,0.215,0.000,-30.91,2.80,avoid,8,0,15,1.553,30.56,74,0,46.131
221,24.9996,44.239,0.1106,-35.934,-133.196,0.000,0.4916,2.324,2.049,1.097,0.238,0.000,-35.00,2.80,avoid,6,0,10,1.589,26.87,74,0,45.950
222,25.1007,44.342,0.1102,-35.709,-133.200,0.000,0.4133,2.280,2.088,0.916,0.260,0.000,-35.00,2.80,avoid,6,0,6,1.580,22.38,74,0,45.812
223,25.2161,44.460,0.1082,-35.462,-133.246,0.000,0.3149,2.330,2.215,0.722,0.235,0.000,-35.00,2.80,avoid,8,0,8,1.529,16.74,74,0,45.693
224,25.3187,44.563,0.1108,-35.245,-133.309,0.000,0.2260,2.392,2.331,0.536,0.204,0.000,-35.00,2.80,avoid,3,0,3,1.460,11.65,74,0,45.609
225,25.4209,44.667,0.1099,-35.029,-133.394,0.000,0.1343,2.443,2.421,0.327,0.179,0.000,-35.00,2.80,avoid,6,0,6,1.370,6.40,74,0,45.542
226,25.5318,44.779,0.1105,-34.800,-133.511,0.000,0.0332,2.479,2.477,0.082,0.161,0.000,-35.00,2.80,avoid,1,1,0,1.248,0.60,74,0,45.494
227,25.6562,44.901,0.1098,-34.563,-133.665,0.000,-0.0779,2.497,2.490,-0.194,0.151,0.000,-35.00,2.80,avoid,1,1,0,1.089,-5.76,74,0,45.472
228,25.7518,44.998,0.1100,-34.387,-133.806,0.000,-0.1671,2.502,2.467,-0.416,0.149,0.000,-35.00,2.80,avoid,1,1,0,0.944,-10.87,74,0,45.479
229,25.8562,45.104,0.1092,-34.212,-133.977,0.000,-0.2635,2.502,2.416,-0.652,0.149,0.000,-35.00,2.80,avoid,1,1,0,0.769,-16.40,74,0,45.510
230,25.9792,45.221,0.1109,-34.036,-134.186,0.000,-0.3713,2.499,2.328,-0.907,0.151,0.000,-35.00,2.80,avoid,1,1,0,0.556,-22.58,74,0,45.574
231,26.0833,45.329,0.1111,-33.896,-134.393,0.000,-0.4700,2.495,2.224,-1.130,0.153,0.000,-35.00,2.80,avoid,1,1,0,0.346,-28.23,74,0,45.658
232,26.1938,45.443,0.1110,-33.771,-134.626,0.000,-0.5742,2.494,2.094,-1.354,0.153,0.000,-28.34,2.80,avoid,4,0,4,0.111,-34.20,74,0,45.773
233,26.3044,45.553,0.1116,-33.658,-134.861,0.000,-0.6663,2.569,2.019,-1.588,0.116,0.000,-21.65,2.80,avoid,6,1,0,0.128,-39.48,74,0,45.899
234,26.4180,45.663,0.1101,-33.528,-135.103,0.000,-0.7391,2.619,1.936,-1.764,0.090,0.000,-15.04,2.80,avoid,6,0,6,0.372,-43.65,74,0,46.021
235,26.5246,45.771,0.1114,-33.384,-135.343,0.000,-0.7921,2.628,1.846,-1.871,0.086,0.000,-8.35,2.80,avoid,8,0,15,0.615,-46.69,74,0,46.135
236,26.6307,45.879,0.1083,-33.229,-135.574,0.000,-0.8261,2.605,1.766,-1.916,0.097,0.000,-1.85,2.80,avoid,8,0,15,0.850,-48.63,74,0,46.237
237,26.7366,45.986,0.1088,-33.059,-135.794,0.000,-0.8409,2.562,1.709,-1.910,0.119,0.000,4.68,2.80,avoid,13,0,3,1.074,-49.48,74,0,46.322
238,26.8563,46.102,0.1101,-32.861,-136.010,0.000,-0.8373,2.511,1.681,-1.865,0.145,0.000,11.28,2.80,avoid,15,0,1,1.294,-49.27,74,0,46.391
239,26.9663,46.212,0.1109,-32.659,-136.193,0.000,-0.8174,2.464,1.686,-1.797,0.168,0.000,17.94,2.80,avoid,15,1,0,1.482,-48.13,74,0,46.431
240,27.0730,46.320,0.1101,-32.446,-136.345,0.000,-0.7811,2.418,1.717,-1.703,0.191,0.000,24.55,2.80,avoid,15,1,0,1.639,-46.05,74,0,46.441
241,27.1843,46.431,0.1086,-32.216,-136.466,0.000,-0.7272,2.371,1.771,-1.576,0.214,0.000,31.06,2.80,avoid,15,0,1,1.765,-42.96,74,0,46.417
242,27.2928,46.541,0.1104,-31.980,-136.544,0.000,-0.6579,2.321,1.837,-1.419,0.239,0.000,35.00,2.80,avoid,15,1,0,1.848,-38.99,74,0,46.356
243,27.3925,46.639,0.1110,-31.769,-136.574,0.000,-0.5825,2.289,1.912,-1.259,0.355,0.000,35.00,3.00,replan,8,0,10,1.882,-34.67,74,0,46.267
244,27.5058,46.753,0.1097,-31.524,-136.570,0.000,-0.4866,2.359,2.085,-1.103,0.221,0.000,35.00,2.80,avoid,9,0,7,1.884,-29.18,74,0,46.133
245,27.6534,46.899,0.1089,-31.196,-136.527,0.000,-0.3569,2.459,2.304,-0.859,0.170,0.000,35.00,2.80,avoid,12,0,4,1.848,-21.75,74,0,45.923
246,27.7094,46.957,0.1000,-31.066,-136.497,0.000,-0.3045,2.490,2.375,-0.746,0.155,0.000,35.00,2.80,avoid,15,0,3,1.822,-18.75,74,0,45.830
247,27.8030,47.051,0.1041,-30.857,-136.435,0.000,-0.2189,2.513,2.453,-0.546,0.144,0.000,35.00,2.80,avoid,13,0,3,1.764,-13.84,74,0,45.667
248,27.9104,47.158,0.1097,-30.625,-136.341,0.000,-0.1202,2.518,2.500,-0.302,0.141,0.000,35.00,2.80,avoid,13,0,3,1.675,-8.18,74,0,45.466
249,28.0272,47.277,0.1106,-30.380,-136.210,0.000,-0.0107,2.512,2.512,-0.027,0.144,0.000,35.00,2.80,avoid,15,1,0,1.551,-1.91,74,0,45.228
250,28.1347,47.385,0.1113,-30.172,-136.070,0.000,0.0884,2.504,2.494,0.221,0.148,0.000,35.00,2.80,avoid,15,1,0,1.415,3.77,74,0,45.000
251,28.2448,47.494,0.1101,-29.976,-135.907,0.000,0.1891,2.496,2.452,0.469,0.152,0.000,35.00,2.80,avoid,15,1,0,1.256,9.53,74,0,44.759
252,28.3593,47.607,0.1106,-29.793,-135.720,0.000,0.2923,2.490,2.384,0.718,0.155,0.000,35.00,2.80,avoid,13,1,0,1.073,15.45,74,0,44.505
253,28.4632,47.710,0.1096,-29.643,-135.533,0.000,0.3867,2.486,2.302,0.937,0.157,0.000,35.00,2.80,avoid,15,1,0,0.890,20.86,74,0,44.269
254,28.5763,47.822,0.1118,-29.503,-135.317,0.000,0.4886,2.480,2.190,1.164,0.160,0.000,35.00,2.80,avoid,14,1,0,0.678,26.70,74,0,44.011
255,28.6987,47.940,0.1104,-29.379,-135.075,0.000,0.5959,2.474,2.047,1.388,0.163,0.000,29.53,2.80,avoid,14,1,0,0.439,32.84,74,0,43.740
256,28.8044,48.046,0.1088,-29.279,-134.850,0.000,0.6853,2.536,1.963,1.605,0.132,0.000,23.01,2.80,avoid,14,1,0,0.215,37.96,74,0,43.495
257,28.9078,48.151,0.1083,-29.167,-134.615,0.000,0.7598,2.595,1.882,1.788,0.102,0.000,16.51,2.80,avoid,14,1,0,0.016,42.23,74,0,43.236
258,29.0212,48.262,0.1105,-29.035,-134.367,0.000,0.8189,2.620,1.789,1.913,0.090,0.000,9.88,2.80,avoid,14,1,0,0.262,45.62,74,0,42.955
259,29.1260,48.371,0.1052,-28.892,-134.123,0.000,0.8592,2.608,1.703,1.975,0.096,0.000,3.57,2.80,avoid,9,0,2,0.502,47.93,74,0,42.672
260,29.2494,48.494,0.1058,-28.711,-133.864,0.000,0.8789,2.567,1.638,1.977,0.116,0.000,-2.78,2.80,avoid,9,0,7,0.757,49.06,74,0,42.357
261,29.3608,48.603,0.1056,-28.537,-133.651,0.000,0.8788,2.517,1.606,1.938,0.242,0.000,-9.12,3.00,replan,6,0,3,0.966,49.05,74,0,42.085
262,29.4596,48.703,0.1073,-28.366,-133.468,0.000,0.8671,2.473,1.600,1.885,0.264,0.000,-15.56,3.00,replan,8,0,6,1.145,48.38,74,0,41.841
263,29.5701,48.813,0.1080,-28.160,-133.295,0.000,0.8347,2.478,1.664,1.837,0.261,0.000,-22.04,3.00,replan,8,0,9,1.314,46.53,74,0,41.587
264,29.6800,48.923,0.1078,-27.933,-133.149,0.000,0.7845,2.492,1.764,1.760,0.254,0.000,-28.51,3.00,replan,9,1,0,1.455,43.65,74,0,41.345
265,29.7949,49.034,0.1088,-27.687,-133.040,0.000,0.7159,2.483,1.874,1.630,0.258,0.000,-35.00,3.00,replan,9,1,0,1.558,39.72,74,0,41.128
266,29.8934,49.133,0.1063,-27.461,-132.981,0.000,0.6418,2.468,1.977,1.477,0.266,0.000,-35.00,3.00,replan,8,1,0,1.612,35.47,74,0,40.963
267,30.0040,49.242,0.1079,-27.210,-132.963,0.000,0.5457,2.488,2.127,1.291,0.256,0.000,-35.00,3.00,replan,1,1,0,1.624,29.96,74,0,40.823
268,30.1126,49.353,0.1098,-26.951,-132.977,0.000,0.4440,2.551,2.304,1.096,0.224,0.000,-35.00,3.00,replan,1,1,0,1.604,24.14,74,0,40.708
269,30.2112,49.455,0.1081,-26.710,-133.014,0.000,0.3486,2.601,2.445,0.889,0.199,0.000,-35.00,3.00,replan,5,1,0,1.562,18.67,74,0,40.622
270,30.3238,49.568,0.1089,-26.443,-133.082,0.000,0.2408,2.647,2.570,0.631,0.177,0.000,-35.00,3.00,replan,1,1,0,1.487,12.50,74,0,40.554
271,30.4324,49.676,0.1086,-26.192,-133.177,0.000,0.1359,2.672,2.647,0.362,0.064,0.000,-35.00,2.80,avoid,1,1,0,1.387,6.49,74,0,40.518
272,30.5389,49.788,0.1105,-25.944,-133.301,0.000,0.0272,2.667,2.666,0.073,0.067,0.000,-35.00,2.80,avoid,1,1,0,1.257,0.26,74,0,40.511
273,30.6470,49.882,0.1106,-25.749,-133.426,0.000,-0.0641,2.618,2.612,-0.168,0.091,0.000,-35.00,2.80,avoid,1,1,0,1.128,-4.97,74,0,40.531
274,30.7550,49.997,0.1119,-25.533,-133.597,0.000,-0.1726,2.560,2.522,-0.440,0.120,0.000,-35.00,2.80,avoid,1,1,0,0.952,-11.19,74,0,40.584
275,31.4001,50.336,0.1766,-25.302,-133.832,0.000,-0.3028,2.488,2.375,-0.742,0.156,0.000,-35.00,2.80,avoid,1,1,0,0.712,-18.65,74,0,40.688
276,31.6798,50.746,0.5653,-24.860,-134.558,0.000,-0.6392,2.360,1.894,-1.408,0.220,0.000,-19.32,2.80,avoid,1,1,0,0.024,-37.92,74,0,41.146
277,31.8332,51.013,0.2617,-24.701,-135.064,0.000,-0.8349,2.416,1.622,-1.791,0.192,0.000,-3.62,2.80,avoid,1,1,0,0.533,-49.14,74,0,41.534
278,31.9879,51.174,0.1610,-24.525,-135.419,0.000,-0.9000,2.553,1.587,-2.000,0.123,0.000,6.04,2.80,avoid,1,1,0,0.892,-52.86,74,0,41.781
279,32.1421,51.322,0.1447,-24.300,-135.721,0.000,-0.9038,2.543,1.573,-1.998,0.128,0.000,14.72,2.80,avoid,1,1,0,1.199,-53.08,74,0,41.963
280,32.2907,51.472,0.1572,-24.037,-135.993,0.000,-0.8769,2.506,1.603,-1.926,0.147,0.000,24.15,2.80,avoid,1,1,0,1.477,-51.54,74,0,42.104
281,32.4236,51.617,0.1507,-23.758,-136.211,0.000,-0.8238,2.436,1.655,-1.788,0.182,0.000,33.20,2.80,avoid,1,1,0,1.701,-48.50,74,0,42.192
282,32.6726,51.761,0.1301,-23.464,-136.354,0.000,-0.7399,2.283,1.686,-1.539,0.258,0.000,35.00,2.80,avoid,13,1,0,1.851,-43.69,74,0,42.208
283,32.8246,52.003,0.2485,-23.047,-136.421,0.000,-0.5841,2.219,1.851,-1.224,0.290,0.000,35.00,2.80,avoid,1,1,0,1.928,-34.76,74,0,42.110
284,32.9776,52.162,0.1512,-22.713,-136.409,0.000,-0.4518,2.317,2.085,-1.012,0.241,0.000,25.93,2.80,avoid,1,1,0,1.924,-27.19,74,0,41.973
285,33.7231,52.404,0.2414,-22.246,-136.360,0.000,-0.2943,2.548,2.439,-0.739,0.126,0.000,33.89,2.80,avoid,4,1,0,1.885,-18.16,74,0,41.754
286,34.4199,53.247,0.6872,-21.516,-136.221,0.000,-0.0819,2.561,2.552,-0.210,0.000,0.427,26.77,0.00,emergency_stop,5,1,0,1.762,-5.99,74,0,41.363
287,34.4629,53.709,0.6400,-20.839,-135.772,0.000,0.2230,2.527,2.465,0.559,0.000,0.421,-11.63,0.00,emergency_stop,1,1,0,1.329,11.48,74,0,40.708
288,34.5690,53.816,0.1073,-20.633,-135.621,0.000,0.2890,2.438,2.337,0.695,0.000,0.406,-8.68,0.00,emergency_stop,6,1,0,1.182,15.26,74,0,40.497
289,34.6856,53.930,0.1093,-20.393,-135.520,0.000,0.3042,2.158,2.059,0.647,0.000,0.360,-15.24,0.00,emergency_stop,4,1,0,1.087,16.13,74,0,40.321
290,34.7934,54.039,0.1083,-20.179,-135.477,0.000,0.2864,1.896,1.819,0.536,0.000,0.316,-21.74,0.00,emergency_stop,1,1,0,1.048,15.11,74,0,40.210
291,34.9068,54.153,0.1102,-20.037,-135.469,0.000,0.2577,0.375,0.363,0.096,0.000,0.063,-15.13,0.00,emergency_stop,7,1,0,1.044,13.46,74,0,40.157
292,35.0063,54.258,0.1097,-20.035,-135.469,0.000,0.2569,0.001,0.001,0.000,0.000,0.000,-8.54,0.00,emergency_stop,15,1,0,1.044,13.42,74,0,40.156
293,35.1208,54.370,0.1075,-20.035,-135.469,0.000,0.2569,0.000,0.000,0.000,0.000,0.000,-2.09,0.00,emergency_stop,15,1,0,1.044,13.42,74,0,40.156
294,35.2345,54.477,0.1100,-20.035,-135.469,0.000,0.2569,0.000,0.000,0.000,0.000,0.000,4.51,0.00,emergency_stop,15,1,0,1.044,13.42,74,0,40.156
295,35.3425,54.581,0.1103,-20.035,-135.469,0.000,0.2569,0.000,0.000,0.000,0.000,-0.000,-2.11,0.00,emergency_stop,4,1,0,1.044,13.42,74,0,40.156
296,35.4844,54.715,0.1121,-20.035,-135.469,0.000,0.2569,0.004,0.004,0.001,0.000,0.001,-8.84,0.00,emergency_stop,4,1,0,1.044,13.42,74,0,40.156
297,35.5815,54.817,0.1094,-20.035,-135.469,0.000,0.2569,0.000,0.000,0.000,0.300,0.000,-15.40,0.60,brake,4,1,0,1.044,13.42,74,0,40.156
298,35.6825,54.921,0.1100,-20.035,-135.469,0.000,0.2570,0.025,0.024,0.006,0.288,0.000,-22.00,0.60,brake,1,1,0,1.044,13.43,74,0,40.156
299,35.7836,55.023,0.1111,-20.035,-135.469,0.000,0.2570,0.048,0.046,0.012,0.276,0.000,-15.34,0.60,brake,9,1,0,1.044,13.42,74,0,40.156
300,35.8958,55.137,0.1093,-20.023,-135.469,0.000,0.2546,0.206,0.199,0.052,0.197,0.000,-8.78,0.60,brake,9,1,0,1.044,13.29,74,0,40.152
301,36.0054,55.244,0.1083,-19.994,-135.466,0.000,0.2510,0.354,0.343,0.088,0.123,0.000,-2.29,0.60,brake,9,1,0,1.042,13.08,74,0,40.140
302,36.1193,55.358,0.1098,-19.949,-135.459,0.000,0.2488,0.465,0.451,0.115,0.067,0.000,4.30,0.60,brake,8,1,0,1.036,12.95,74,0,40.119
303,36.2359,55.468,0.1096,-19.899,-135.446,0.000,0.2496,0.513,0.497,0.127,0.044,0.000,10.88,0.60,brake,9,0,1,1.024,13.00,74,0,40.090
304,36.3424,55.583,0.1114,-19.847,-135.427,0.000,0.2536,0.480,0.465,0.120,0.060,0.000,17.56,0.60,brake,9,0,1,1.007,13.23,74,0,40.056
305,36.4538,55.695,0.1111,-19.800,-135.405,0.000,0.2610,0.460,0.445,0.119,0.070,0.000,24.23,0.60,brake,9,0,7,0.985,13.65,74,0,40.020
306,36.5523,55.794,0.1101,-19.763,-135.382,0.000,0.2702,0.443,0.427,0.118,0.078,0.000,17.62,0.60,brake,8,0,8,0.963,14.18,74,0,39.986
307,36.6619,55.904,0.1101,-19.723,-135.355,0.000,0.2811,0.448,0.430,0.124,0.076,0.000,11.62,0.60,brake,8,0,8,0.937,14.80,74,0,39.948
308,36.7721,56.014,0.1110,-19.680,-135.331,0.000,0.2888,0.456,0.437,0.130,0.072,0.000,9.91,0.60,brake,8,0,2,0.914,15.25,74,0,39.911
309,36.8831,56.125,0.1109,-19.634,-135.308,0.000,0.2947,0.464,0.444,0.135,0.068,0.000,9.39,0.60,brake,8,0,2,0.893,15.59,74,0,39.875
310,37.0044,56.248,0.1101,-19.582,-135.284,0.000,0.3006,0.467,0.446,0.138,0.067,0.000,8.04,0.60,brake,8,0,2,0.869,15.93,74,0,39.836
311,37.1167,56.355,0.1111,-19.536,-135.263,0.000,0.3054,0.472,0.450,0.142,1.000,0.000,7.61,2.80,avoid,8,0,3,0.849,16.20,74,0,39.801
312,37.2290,56.469,0.1111,-19.486,-135.240,0.000,0.3100,0.549,0.523,0.168,1.000,0.000,6.46,2.80,avoid,8,0,3,0.827,16.46,74,0,39.764
313,37.3381,56.579,0.1096,-19.417,-135.209,0.000,0.3155,0.894,0.850,0.277,0.953,0.000,5.31,2.80,avoid,8,0,2,0.799,16.78,74,0,39.713
314,37.4387,56.678,0.1101,-19.308,-135.163,0.000,0.3229,1.481,1.404,0.470,0.000,0.147,3.91,0.60,brake,8,0,8,0.755,17.20,74,0,39.636
315,37.5523,56.796,0.1119,-19.105,-135.079,0.000,0.3331,2.118,2.001,0.692,0.000,0.253,1.79,0.60,brake,8,0,8,0.676,17.79,74,0,39.494
316,37.6707,56.911,0.1094,-18.870,-134.986,0.000,0.3403,2.217,2.090,0.740,0.000,0.270,-0.04,0.60,brake,8,0,3,0.588,15.87,74,0,39.333
317,37.7723,57.012,0.1109,-18.666,-134.910,0.000,0.3422,2.101,1.979,0.705,0.000,0.250,-0.72,0.60,brake,8,0,4,0.526,15.98,74,0,39.200
318,37.8854,57.125,0.1100,-18.452,-134.835,0.000,0.3411,1.923,1.813,0.643,0.000,0.221,-0.74,0.60,brake,8,0,4,0.464,15.92,74,0,39.065
319,37.9960,57.230,0.1095,-18.270,-134.773,0.000,0.3395,1.751,1.651,0.583,0.000,0.192,-0.66,0.60,brake,8,0,5,0.414,15.83,74,0,38.953
320,38.1020,57.345,0.1105,-18.089,-134.712,0.000,0.3381,1.579,1.490,0.524,0.000,0.163,-0.52,0.60,brake,8,0,5,0.364,15.74,74,0,38.842
321,38.2211,57.459,0.1096,-17.929,-134.657,0.000,0.3369,1.425,1.345,0.471,0.000,0.137,-0.35,0.60,brake,8,0,6,0.319,15.68,74,0,38.744
322,38.3219,57.565,0.1115,-17.857,-134.633,0.000,0.3376,0.000,0.000,0.000,0.300,0.000,-0.33,0.60,brake,8,0,5,0.304,11.07,74,0,38.701
323,38.4409,57.682,0.1112,-17.854,-134.632,0.000,0.3376,0.061,0.058,0.020,0.269,0.000,-0.33,0.60,brake,8,0,10,0.304,11.07,74,0,38.699
324,38.5469,57.787,0.1109,-17.841,-134.627,0.000,0.3376,0.217,0.205,0.072,0.192,0.000,6.33,0.60,brake,11,0,5,0.301,11.07,74,0,38.691
325,38.6484,57.893,0.1089,-17.811,-134.616,0.000,0.3385,0.379,0.357,0.126,0.111,0.000,12.86,0.60,brake,10,0,6,0.294,11.12,74,0,38.672
326,38.7619,58.007,0.1100,-17.767,-134.594,0.000,0.3433,0.447,0.421,0.150,0.077,0.000,19.46,0.60,brake,10,0,2,0.278,11.40,74,0,38.639
327,38.8796,58.123,0.1103,-17.722,-134.564,0.000,0.3520,0.456,0.428,0.157,0.072,0.000,20.07,0.60,brake,10,0,2,0.256,11.90,74,0,38.598
328,38.9788,58.224,0.1114,-17.683,-134.535,0.000,0.3621,0.462,0.432,0.164,1.000,0.000,19.34,2.80,avoid,10,0,2,0.233,12.47,74,0,38.559
329,39.0947,58.337,0.1102,-17.639,-134.501,0.000,0.3735,0.537,0.500,0.196,1.000,0.000,17.43,2.80,avoid,10,0,2,0.205,13.12,74,0,38.514
330,39.2091,58.453,0.1102,-17.575,-134.452,0.000,0.3888,0.927,0.858,0.352,0.936,0.000,10.82,2.80,avoid,9,0,3,0.166,14.00,74,0,38.449
331,39.3254,58.566,0.1110,-17.455,-134.371,0.000,0.4092,1.624,1.490,0.646,0.588,0.000,4.16,2.80,avoid,8,0,8,0.103,15.17,74,0,38.338
332,39.4411,58.672,0.1096,-17.275,-134.265,0.000,0.4258,2.264,2.062,0.935,0.268,0.000,-2.42,2.80,avoid,8,0,12,0.024,16.12,74,0,38.188
333,39.5525,58.790,0.1115,-17.004,-134.133,0.000,0.4300,2.740,2.491,1.142,0.000,0.357,-9.11,0.60,brake,8,0,12,0.068,16.36,74,0,37.988
334,39.6492,58.894,0.1096,-16.733,-134.027,0.000,0.4175,2.803,2.562,1.136,0.000,0.367,-2.53,0.60,brake,10,0,8,0.112,11.00,74,0,37.816
335,39.7539,58.998,0.1078,-16.467,-133.938,0.000,0.3995,2.636,2.429,1.025,0.000,0.339,-4.94,0.60,brake,8,0,10,0.139,9.96,74,0,37.662
336,39.8709,59.112,0.1098,-16.197,-133.843,0.000,0.3877,2.402,2.224,0.908,0.000,0.300,-4.54,0.60,brake,8,0,8,0.171,9.29,74,0,37.503
337,39.9833,59.226,0.1099,-15.950,-133.762,0.000,0.3745,2.177,2.026,0.796,0.000,0.263,-2.35,0.60,brake,8,0,8,0.184,3.89,74,0,37.365
338,40.0832,59.326,0.1080,-15.752,-133.697,0.000,0.3668,1.990,1.857,0.714,0.000,0.232,-0.66,0.60,brake,8,0,8,0.186,3.45,74,0,37.255
339,40.1844,59.428,0.1081,-15.570,-133.632,0.000,0.3637,1.813,1.695,0.645,0.000,0.202,1.73,0.60,brake,8,0,12,0.193,3.27,74,0,37.150
340,40.3015,59.543,0.1116,-15.386,-133.561,0.000,0.3652,1.630,1.523,0.582,0.000,0.172,2.95,0.60,brake,8,0,13,0.206,3.35,74,0,37.038
341,40.4135,59.657,0.1098,-15.225,-133.492,0.000,0.3699,1.469,1.370,0.531,0.000,0.145,3.43,0.60,brake,8,0,13,0.222,3.62,74,0,36.935
342,40.5171,59.764,0.1094,-15.089,-133.431,0.000,0.3753,1.337,1.244,0.490,0.000,0.123,3.69,0.60,brake,8,0,14,0.231,-0.72,74,0,36.846
343,40.6313,59.877,0.1075,-15.038,-133.409,0.000,0.3782,0.000,0.000,0.000,0.300,0.000,10.14,0.60,brake,10,0,6,0.233,-0.55,74,0,36.813
344,40.7396,59.983,0.1091,-15.037,-133.408,0.000,0.3784,0.005,0.005,0.002,0.298,0.000,16.69,0.60,brake,11,0,4,0.233,-0.54,74,0,36.812
345,40.8456,60.091,0.1094,-15.026,-133.401,0.000,0.3805,0.181,0.168,0.067,0.209,0.000,10.12,0.60,brake,5,0,4,0.236,-0.42,74,0,36.803
346,40.9687,60.205,0.1110,-15.000,-133.384,0.000,0.3847,0.325,0.301,0.122,0.137,0.000,3.47,0.60,brake,6,0,7,0.241,-0.18,74,0,36.781
347,41.0745,60.319,0.1105,-14.959,-133.362,0.000,0.3880,0.477,0.442,0.181,1.000,0.000,-3.17,2.80,avoid,6,0,7,0.246,0.01,74,0,36.750
348,41.1772,60.422,0.1102,-14.912,-133.343,0.000,0.3880,0.530,0.491,0.201,1.000,0.000,-8.68,2.80,avoid,7,0,8,0.247,0.01,74,0,36.721
349,41.2858,60.530,0.1095,-14.836,-133.319,0.000,0.3830,0.961,0.891,0.359,0.920,0.000,-2.12,2.80,avoid,8,0,8,0.240,-0.28,74,0,36.682
350,41.3953,60.640,0.1105,-14.701,-133.277,0.000,0.3758,1.616,1.503,0.593,0.592,0.000,4.52,2.80,avoid,8,1,0,0.228,-0.69,74,0,36.612
351,41.5072,60.749,0.1105,-14.501,-133.196,0.000,0.3778,2.283,2.122,0.842,0.259,0.000,-2.12,2.80,avoid,3,1,0,0.227,-0.58,74,0,36.492
352,41.6319,60.871,0.1104,-14.213,-133.075,0.000,0.3809,2.723,2.528,1.012,0.038,0.000,-8.74,2.80,avoid,1,1,0,0.223,-5.05,74,0,36.315
353,41.7250,60.969,0.1100,-13.955,-132.987,0.000,0.3706,2.820,2.629,1.021,0.000,0.003,-15.34,2.80,avoid,1,1,0,0.185,-5.64,74,0,36.178
354,41.8299,61.076,0.1064,-13.667,-132.921,0.000,0.3394,2.732,2.576,0.910,0.034,0.000,-21.72,2.80,avoid,1,1,0,0.114,-7.42,74,0,36.060
355,41.9408,61.189,0.1104,-13.372,-132.895,0.000,0.2872,2.570,2.465,0.728,0.115,0.000,-28.34,2.80,avoid,2,1,0,0.003,-10.42,74,0,35.981
356,42.0530,61.300,0.1096,-13.105,-132.913,0.000,0.2214,2.421,2.362,0.532,0.190,0.000,-34.82,2.80,avoid,1,1,0,0.148,-18.84,74,0,35.953
357,42.1773,61.409,0.1091,-12.867,-132.975,0.000,0.1419,2.298,2.275,0.325,0.251,0.000,-28.27,2.80,avoid,1,1,0,0.325,-23.39,74,0,35.974
358,42.2629,61.511,0.1068,-12.665,-133.062,0.000,0.0621,2.357,2.352,0.146,0.222,0.000,-21.87,2.80,avoid,1,1,0,0.505,-27.96,74,0,36.028
359,42.3833,61.630,0.1101,-12.404,-133.157,0.000,-0.0111,2.483,2.483,-0.028,0.158,0.000,-15.26,2.80,avoid,1,1,0,0.722,-32.16,74,0,36.082
360,42.4864,61.736,0.1100,-12.153,-133.236,0.000,-0.0620,2.566,2.561,-0.159,0.117,0.000,-8.65,2.80,avoid,1,1,0,0.921,-35.08,74,0,36.124
361,42.5906,61.841,0.1075,-11.893,-133.304,0.000,-0.0957,2.597,2.585,-0.248,0.101,0.000,-2.21,2.80,avoid,1,1,0,1.115,-37.00,74,0,36.155
362,42.7125,61.960,0.1115,-11.589,-133.357,0.000,-0.1104,2.576,2.560,-0.284,0.112,0.000,4.49,2.80,avoid,8,0,15,1.336,-42.50,74,0,36.168
363,42.8200,62.068,0.1101,-11.316,-133.387,0.000,-0.1085,2.530,2.515,-0.274,0.135,0.000,11.09,2.80,avoid,8,0,15,1.521,-42.39,74,0,36.164
364,42.9235,62.171,0.1098,-11.059,-133.391,0.000,-0.0910,2.482,2.472,-0.226,0.159,0.000,17.68,2.80,avoid,8,0,14,1.675,-41.39,74,0,36.138
365,43.0304,62.279,0.1080,-10.799,-133.362,0.000,-0.0538,2.423,2.420,-0.130,0.188,0.000,24.16,2.80,avoid,8,0,15,1.806,-39.26,74,0,36.082
366,43.1479,62.395,0.1104,-10.533,-133.296,0.000,0.0025,2.376,2.376,0.006,0.312,0.000,30.78,3.00,replan,10,0,8,1.911,-36.03,74,0,35.989
367,43.2566,62.502,0.1097,-10.309,-133.202,0.000,0.0687,2.343,2.338,0.161,0.328,0.000,35.00,3.00,replan,11,0,7,1.984,-36.88,74,0,35.874
368,43.3648,62.611,0.1095,-10.109,-133.069,0.000,0.1528,2.350,2.323,0.358,0.325,0.000,35.00,3.00,replan,11,0,7,2.014,-32.06,74,0,35.724
369,43.4727,62.721,0.1118,-9.928,-132.901,0.000,0.2491,2.449,2.374,0.604,0.275,0.000,35.00,3.00,replan,8,0,15,2.006,-26.55,74,0,35.542
370,43.5854,62.833,0.1108,-9.756,-132.705,0.000,0.3511,2.551,2.396,0.878,0.224,0.000,35.00,3.00,replan,8,0,15,1.970,-20.70,74,0,35.333
371,43.7035,62.948,0.1105,-9.595,-132.479,0.000,0.4595,2.624,2.351,1.164,0.188,0.000,35.00,3.00,replan,4,1,0,1.912,-19.14,74,0,35.095
372,43.8088,63.055,0.1108,-9.466,-132.250,0.000,0.5625,2.660,2.250,1.419,0.170,0.000,35.00,3.00,replan,8,0,15,1.843,-13.24,74,0,34.857
373,43.9245,63.170,0.1101,-9.354,-131.988,0.000,0.6740,2.674,2.089,1.669,0.163,0.000,35.00,3.00,replan,8,0,12,1.740,-6.85,74,0,34.588
374,44.0421,63.286,0.1112,-9.271,-131.711,0.000,0.7874,2.675,1.887,1.895,0.163,0.000,35.00,3.00,replan,8,0,15,1.605,-0.36,74,0,34.306
375,44.1426,63.387,0.1101,-9.224,-131.465,0.000,0.8856,2.672,1.691,2.069,0.164,0.000,35.00,3.00,replan,8,0,15,1.466,5.27,74,0,34.058
376,44.2599,63.505,0.1093,-9.201,-131.171,0.000,1.0012,2.666,1.437,2.245,0.067,0.000,35.00,2.80,avoid,12,0,4,1.293,7.25,74,0,33.763
377,44.3663,63.611,0.1106,-9.209,-130.909,0.000,1.1041,2.640,1.188,2.358,0.080,0.000,28.36,2.80,avoid,5,1,0,1.119,13.14,74,0,33.502
378,44.4735,63.716,0.1100,-9.227,-130.648,0.000,1.1952,2.675,0.981,2.489,0.062,0.000,21.77,2.80,avoid,1,1,0,0.937,18.36,74,0,33.242
379,44.5835,63.828,0.1096,-9.240,-130.361,0.000,1.2733,2.670,0.783,2.553,0.065,0.000,15.19,2.80,avoid,1,1,0,0.744,22.83,74,0,32.957
380,44.6923,63.936,0.1103,-9.237,-130.079,0.000,1.3262,2.645,0.640,2.566,0.078,0.000,8.57,2.80,avoid,1,1,0,0.565,25.87,74,0,32.675
381,44.8003,64.045,0.1119,-9.224,-129.796,0.000,1.3625,2.596,0.537,2.540,0.102,0.000,1.86,2.80,avoid,6,0,2,0.411,23.30,74,0,32.392
382,44.9081,64.153,0.1083,-9.189,-129.522,0.000,1.3765,2.544,0.491,2.496,0.128,0.000,-4.64,2.80,avoid,1,1,0,0.281,24.10,74,0,32.117
383,45.0291,64.275,0.1083,-9.125,-129.225,0.000,1.3704,2.490,0.496,2.440,0.155,0.000,-11.14,2.80,avoid,1,1,0,0.163,23.75,74,0,31.816
384,45.1376,64.384,0.1100,-9.044,-128.971,0.000,1.3497,2.445,0.536,2.386,0.177,0.000,-17.74,2.80,avoid,2,1,0,0.082,22.56,74,0,31.557
385,45.2469,64.490,0.1104,-8.940,-128.737,0.000,1.3133,2.403,0.612,2.324,0.199,0.000,-11.12,2.80,avoid,14,0,2,0.052,15.83,74,0,31.317
386,45.3505,64.596,0.1099,-8.823,-128.515,0.000,1.2747,2.446,0.714,2.340,0.177,0.000,-4.52,2.80,avoid,14,0,2,0.040,13.62,74,0,31.089
387,45.4560,64.701,0.1105,-8.717,-128.277,0.000,1.2543,2.485,0.773,2.362,0.158,0.000,2.11,2.80,avoid,14,0,2,0.010,12.45,74,0,30.846
388,45.5754,64.818,0.1101,-8.622,-128.003,0.000,1.2526,2.497,0.781,2.372,0.151,0.000,-4.50,2.80,avoid,4,1,0,0.042,7.70,74,0,30.566
389,45.6900,64.935,0.1101,-8.529,-127.725,0.000,1.2506,2.494,0.785,2.367,0.153,0.000,-11.10,2.80,avoid,4,1,0,0.080,7.59,74,0,30.285
390,45.8102,65.053,0.1090,-8.411,-127.458,0.000,1.2301,2.469,0.825,2.327,0.165,0.000,-17.64,2.80,avoid,1,1,0,0.091,6.41,74,0,30.012
391,45.9259,65.170,0.1105,-8.267,-127.214,0.000,1.1916,2.432,0.900,2.259,0.184,0.000,-24.27,2.80,avoid,1,1,0,0.068,4.20,74,0,29.762
392,46.0303,65.273,0.1113,-8.118,-127.022,0.000,1.1437,2.391,0.991,2.177,0.204,0.000,-30.95,2.80,avoid,1,1,0,0.002,-3.19,74,0,29.564
393,46.1464,65.389,0.1102,-7.925,-126.842,0.000,1.0715,2.322,1.112,2.039,0.239,0.000,-35.00,2.80,avoid,1,1,0,0.113,-7.33,74,0,29.378
394,46.2517,65.493,0.1109,-7.732,-126.723,0.000,0.9919,2.281,1.248,1.909,0.260,0.000,-28.35,2.80,avoid,2,1,0,0.248,-11.89,74,0,29.253
395,46.3660,65.609,0.1100,-7.503,-126.612,0.000,0.9025,2.413,1.495,1.894,0.193,0.000,-21.74,2.80,avoid,1,1,0,0.422,-17.01,74,0,29.138
396,46.4662,65.709,0.1091,-7.292,-126.500,0.000,0.8373,2.533,1.696,1.882,0.134,0.000,-15.20,2.80,avoid,1,1,0,0.578,-20.74,74,0,29.023
397,46.5816,65.825,0.1109,-7.041,-126.350,0.000,0.7809,2.608,1.852,1.835,0.096,0.000,-8.54,2.80,avoid,1,1,0,0.775,-28.63,74,0,28.872
398,46.6954,65.939,0.1092,-6.795,-126.187,0.000,0.7437,2.619,1.928,1.773,0.090,0.000,-1.99,2.80,avoid,1,1,0,0.963,-30.76,74,0,28.709
399,46.7969,66.039,0.1101,-6.588,-126.030,0.000,0.7274,2.587,1.932,1.720,0.107,0.000,4.62,2.80,avoid,14,0,2,1.118,-31.69,74,0,28.556
400,46.9099,66.153,0.1102,-6.372,-125.837,0.000,0.7293,2.526,1.884,1.683,0.137,0.000,11.23,2.80,avoid,8,0,14,1.269,-31.58,74,0,28.367
401,47.0218,66.266,0.1095,-6.180,-125.629,0.000,0.7493,2.464,1.804,1.679,0.168,0.000,17.81,2.80,avoid,8,0,10,1.401,-35.08,74,0,28.164
402,47.1367,66.379,0.1101,-6.019,-125.409,0.000,0.7865,2.410,1.702,1.706,0.195,0.000,24.41,2.80,avoid,14,1,0,1.512,-32.95,74,0,27.949
403,47.2318,66.479,0.1106,-5.906,-125.204,0.000,0.8329,2.368,1.593,1.752,0.216,0.000,31.05,2.80,avoid,8,0,7,1.580,-30.30,74,0,27.749
404,47.3500,66.594,0.1102,-5.823,-124.959,0.000,0.9063,2.295,1.415,1.807,0.253,0.000,35.00,2.80,avoid,8,0,9,1.611,-26.09,74,0,27.508
405,47.4652,66.710,0.1085,-5.790,-124.712,0.000,0.9959,2.275,1.237,1.910,0.262,0.000,35.00,2.80,avoid,8,0,7,1.592,-20.95,74,0,27.262
406,47.5827,66.814,0.1108,-5.795,-124.490,0.000,1.0835,2.330,1.091,2.059,0.235,0.000,35.00,2.80,avoid,9,0,5,1.556,-20.59,74,0,27.040
407,47.6794,66.920,0.1083,-5.821,-124.259,0.000,1.1751,2.392,0.922,2.207,0.204,0.000,35.00,2.80,avoid,9,0,5,1.501,-15.34,74,0,26.808
408,47.7910,67.037,0.1119,-5.876,-124.003,0.000,1.2785,2.449,0.706,2.345,0.176,0.000,35.00,2.80,avoid,8,0,5,1.414,-9.41,74,0,26.550
409,47.9101,67.152,0.1114,-5.957,-123.751,0.000,1.3829,2.476,0.463,2.433,0.162,0.000,35.00,2.80,avoid,8,0,10,1.300,-3.43,74,0,26.294
410,48.0174,67.259,0.1094,-6.057,-123.525,0.000,1.4800,2.482,0.225,2.472,0.159,0.000,35.00,2.80,avoid,15,1,0,1.176,2.13,74,0,26.065
411,48.1237,67.364,0.1100,-6.175,-123.313,0.000,1.5757,2.485,-0.012,2.485,0.158,0.000,35.00,2.80,avoid,15,1,0,1.047,2.96,74,0,25.849
412,48.2325,67.476,0.1095,-6.322,-123.102,0.000,1.6770,2.483,-0.263,2.469,0.158,0.000,35.00,2.80,avoid,15,1,0,0.890,8.77,74,0,25.634
413,48.3378,67.582,0.1101,-6.481,-122.917,0.000,1.7735,2.479,-0.499,2.429,0.160,0.000,35.00,2.80,avoid,15,1,0,0.723,14.30,74,0,25.444
414,48.4537,67.699,0.1113,-6.677,-122.731,0.000,1.8799,2.478,-0.754,2.360,0.161,0.000,35.00,2.80,avoid,15,1,0,0.519,20.39,74,0,25.255
415,48.5671,67.814,0.1116,-6.886,-122.570,0.000,1.9839,2.478,-0.995,2.269,0.161,0.000,31.45,2.80,avoid,14,1,0,0.302,26.35,74,0,25.092
416,48.6799,67.924,0.1098,-7.101,-122.427,0.000,2.0793,2.530,-1.232,2.210,0.135,0.000,24.86,2.80,avoid,14,1,0,0.083,29.50,74,0,24.949
417,48.7834,68.027,0.1110,-7.311,-122.286,0.000,2.1574,2.598,-1.438,2.164,0.101,0.000,18.20,2.80,avoid,13,1,0,0.129,33.97,74,0,24.810
418,48.8971,68.143,0.1107,-7.549,-122.112,0.000,2.2240,2.633,-1.600,2.091,0.084,0.000,11.56,2.80,avoid,13,1,0,0.367,37.78,74,0,24.639
419,48.9948,68.241,0.1110,-7.748,-121.952,0.000,2.2645,2.629,-1.681,2.021,0.086,0.000,4.90,2.80,avoid,6,0,6,0.567,40.11,74,0,24.485
420,49.1063,68.352,0.1101,-7.961,-121.757,0.000,2.2898,2.593,-1.708,1.951,0.104,0.000,-1.70,2.80,avoid,6,0,6,0.782,41.56,74,0,24.297
421,49.2158,68.464,0.1112,-8.156,-121.550,0.000,2.2951,2.538,-1.682,1.901,0.131,0.000,-8.38,2.80,avoid,8,0,9,0.978,41.86,74,0,24.098
422,49.3373,68.586,0.1110,-8.345,-121.309,0.000,2.2812,2.482,-1.619,1.881,0.159,0.000,-15.04,2.80,avoid,11,0,9,1.168,41.07,74,0,23.867
423,49.4347,68.684,0.1095,-8.473,-121.105,0.000,2.2560,2.440,-1.544,1.889,0.180,0.000,-21.61,2.80,avoid,13,0,6,1.298,39.62,74,0,23.672
424,49.5472,68.796,0.1100,-8.585,-120.865,0.000,2.2094,2.387,-1.423,1.916,0.207,0.000,-28.21,2.80,avoid,8,0,15,1.411,36.95,74,0,23.439
425,49.6648,68.910,0.1101,-8.658,-120.613,0.000,2.1446,2.337,-1.269,1.963,0.231,0.000,-34.82,2.80,avoid,8,0,14,1.486,33.24,74,0,23.193
426,49.7692,69.015,0.1087,-8.683,-120.382,0.000,2.0704,2.282,-1.093,2.003,0.259,0.000,-35.00,2.80,avoid,8,0,10,1.512,28.98,74,0,22.964
427,49.8825,69.127,0.1104,-8.663,-120.146,0.000,1.9790,2.293,-0.910,2.105,0.254,0.000,-35.00,2.80,avoid,8,0,15,1.494,23.75,74,0,22.727
428,49.9977,69.241,0.1105,-8.616,-119.906,0.000,1.8823,2.356,-0.722,2.243,0.222,0.000,-35.00,2.80,avoid,8,0,12,1.448,18.21,74,0,22.484
429,50.1191,69.358,0.1095,-8.540,-119.655,0.000,1.7793,2.414,-0.500,2.361,0.193,0.000,-35.00,2.80,avoid,6,0,6,1.373,12.31,74,0,22.229
430,50.2249,69.464,0.1120,-8.448,-119.434,0.000,1.6850,2.448,-0.279,2.432,0.176,0.000,-35.00,2.80,avoid,2,0,2,1.283,6.90,74,0,22.002
431,50.3258,69.569,0.1090,-8.336,-119.222,0.000,1.5908,2.471,-0.049,2.471,0.164,0.000,-35.00,2.80,avoid,1,1,0,1.172,1.50,74,0,21.783
432,50.4490,69.689,0.1116,-8.182,-118.992,0.000,1.4817,2.482,0.221,2.472,0.159,0.000,-28.30,2.80,avoid,15,1,0,1.020,-4.74,74,0,21.545
433,50.5583,69.799,0.1105,-8.027,-118.785,0.000,1.3892,2.556,0.461,2.514,0.122,0.000,-21.67,2.80,avoid,15,1,0,0.866,-10.04,74,0,21.331
434,50.6643,69.907,0.1100,-7.875,-118.563,0.000,1.3159,2.611,0.658,2.527,0.094,0.000,-15.07,2.80,avoid,15,1,0,0.715,-14.24,74,0,21.102
435,50.7682,70.011,0.1122,-7.734,-118.336,0.000,1.2633,2.631,0.796,2.508,0.084,0.000,-8.34,2.80,avoid,15,1,0,0.576,-17.26,74,0,20.870
436,50.8706,70.115,0.1090,-7.604,-118.100,0.000,1.2288,2.614,0.876,2.462,0.093,0.000,-1.80,2.80,avoid,15,1,0,0.447,-19.23,74,0,20.630
437,50.9581,70.203,0.1095,-7.505,-117.893,0.000,1.2138,2.574,0.899,2.411,0.113,0.000,3.09,2.80,avoid,6,1,0,0.349,-20.09,74,0,20.420
438,51.0734,70.321,0.1117,-7.400,-117.613,0.000,1.2154,2.518,0.876,2.360,0.141,0.000,5.01,2.80,avoid,6,1,0,0.247,-20.00,74,0,20.138
439,51.2038,70.449,0.1109,-7.309,-117.306,0.000,1.2308,2.490,0.830,2.347,0.155,0.000,-1.64,2.80,avoid,1,1,0,0.158,-19.12,74,0,19.830
440,51.3052,70.548,0.1095,-7.237,-117.068,0.000,1.2371,2.475,0.811,2.339,0.162,0.000,-8.21,2.80,avoid,1,1,0,0.087,-18.76,74,0,19.591
441,51.4169,70.661,0.1102,-7.132,-116.810,0.000,1.2262,2.460,0.831,2.316,0.270,0.000,-14.82,3.00,replan,2,0,2,0.016,-19.39,74,0,19.332
442,51.5318,70.776,0.1093,-6.999,-116.562,0.000,1.1965,2.451,0.896,2.281,0.274,0.000,-21.38,3.00,replan,2,0,2,0.148,-21.09,74,0,19.084
443,51.6280,70.876,0.1100,-6.860,-116.364,0.000,1.1561,2.475,0.997,2.265,0.262,0.000,-14.77,3.00,replan,8,0,15,0.285,-23.40,74,0,18.886
444,51.7453,70.991,0.1120,-6.680,-116.140,0.000,1.1058,2.595,1.164,2.319,0.203,0.000,-8.05,3.00,replan,6,0,9,0.464,-26.28,74,0,18.665
445,51.8584,71.105,0.1100,-6.498,-115.900,0.000,1.0697,2.698,1.296,2.367,0.151,0.000,-1.46,3.00,replan,8,0,13,0.645,-28.35,74,0,18.430
446,51.9743,71.220,0.1101,-6.328,-115.638,0.000,1.0561,2.736,1.347,2.382,0.132,0.000,5.15,3.00,replan,8,0,13,0.813,-29.13,74,0,18.174
447,52.0720,71.319,0.1105,-6.196,-115.401,0.000,1.0583,2.722,1.335,2.372,0.139,0.000,11.78,3.00,replan,8,0,14,0.944,-29.00,74,0,17.942
448,52.1837,71.432,0.1115,-6.078,-115.123,0.000,1.0830,2.671,1.252,2.359,0.165,0.000,18.47,3.00,replan,12,0,4,1.060,-27.59,74,0,17.671
449,52.3015,71.545,0.1113,-5.998,-114.839,0.000,1.1270,2.609,1.120,2.356,0.096,0.000,25.15,2.80,avoid,11,0,5,1.138,-25.07,74,0,17.392
450,52.4180,71.661,0.1119,-5.957,-114.549,0.000,1.1888,2.524,0.941,2.342,0.138,0.000,31.86,2.80,avoid,11,0,5,1.177,-21.53,74,0,17.104
451,52.5320,71.776,0.1114,-5.965,-114.277,0.000,1.2659,2.401,0.721,2.290,0.200,0.000,35.00,2.80,avoid,14,0,2,1.167,-17.11,74,0,16.833
452,52.6327,71.877,0.1117,-6.014,-114.060,0.000,1.3458,2.322,0.518,2.264,0.239,0.000,35.00,2.80,avoid,14,0,2,1.117,-12.53,74,0,16.613
453,52.7602,71.994,0.1093,-6.108,-113.823,0.000,1.4457,2.339,0.292,2.320,0.231,0.000,35.00,2.80,avoid,11,0,1,1.022,-6.81,74,0,16.371
454,52.8609,72.106,0.1101,-6.220,-113.606,0.000,1.5421,2.379,0.068,2.378,0.211,0.000,35.00,2.80,avoid,11,1,0,0.908,-1.29,74,0,16.148
455,52.9634,72.209,0.1110,-6.345,-113.413,0.000,1.6326,2.418,-0.149,2.413,0.191,0.000,35.00,2.80,avoid,15,1,0,0.782,3.90,74,0,15.949
456,53.0808,72.326,0.1101,-6.509,-113.205,0.000,1.7371,2.451,-0.406,2.417,0.175,0.000,29.05,2.80,avoid,11,1,0,0.617,9.89,74,0,15.735
457,53.1846,72.430,0.1111,-6.668,-113.019,0.000,1.8226,2.542,-0.633,2.462,0.129,0.000,22.38,2.80,avoid,11,1,0,0.457,14.79,74,0,15.545
458,53.2996,72.547,0.1094,-6.848,-112.789,0.000,1.9000,2.610,-0.844,2.470,0.095,0.000,17.03,2.80,avoid,12,1,0,0.275,19.22,74,0,15.312
459,53.4120,72.658,0.1080,-7.016,-112.558,0.000,1.9562,2.627,-0.988,2.434,0.087,0.000,10.55,2.80,avoid,10,1,0,0.106,22.44,74,0,15.080
460,53.5091,72.756,0.1105,-7.161,-112.351,0.000,1.9939,2.615,-1.074,2.384,0.093,0.000,3.92,2.80,avoid,7,0,4,0.040,24.60,74,0,14.873
461,53.6324,72.878,0.1121,-7.325,-112.079,0.000,2.0177,2.572,-1.112,2.319,0.114,0.000,-2.81,2.80,avoid,9,1,0,0.206,25.97,74,0,14.604
462,53.7409,72.986,0.1081,-7.449,-111.834,0.000,2.0206,2.519,-1.095,2.268,0.141,0.000,-9.30,2.80,avoid,8,0,5,0.332,26.13,74,0,14.362
463,53.8462,73.093,0.1090,-7.549,-111.586,0.000,2.0070,2.475,-1.046,2.243,0.163,0.000,-15.84,2.80,avoid,8,0,5,0.434,25.35,74,0,14.118
464,53.9560,73.201,0.1103,-7.621,-111.333,0.000,1.9765,2.425,-0.957,2.228,0.187,0.000,-22.46,2.80,avoid,6,0,3,0.507,23.61,74,0,13.867
465,54.0648,73.312,0.1085,-7.659,-111.075,0.000,1.9292,2.378,-0.834,2.227,0.211,0.000,-28.98,2.80,avoid,6,0,3,0.546,20.89,74,0,13.611
466,54.1781,73.425,0.1116,-7.657,-110.816,0.000,1.8635,2.327,-0.671,2.228,0.237,0.000,-35.00,2.80,avoid,8,0,10,0.546,17.13,74,0,13.353
467,54.2776,73.525,0.1075,-7.615,-110.602,0.000,1.7903,2.269,-0.494,2.215,0.265,0.000,-30.78,2.80,avoid,8,0,10,0.506,12.94,74,0,13.137
468,54.3932,73.641,0.1115,-7.536,-110.362,0.000,1.7011,2.371,-0.308,2.351,0.214,0.000,-24.09,2.80,avoid,15,1,0,0.428,7.83,74,0,12.894
469,54.5131,73.758,0.1104,-7.452,-110.100,0.000,1.6229,2.505,-0.131,2.502,0.147,0.000,-17.47,2.80,avoid,11,0,5,0.345,3.35,74,0,12.629
470,54.6174,73.861,0.1081,-7.379,-109.854,0.000,1.5660,2.589,0.012,2.589,0.106,0.000,-10.98,2.80,avoid,14,0,2,0.275,0.08,74,0,12.381
471,54.7260,73.967,0.1085,-7.315,-109.588,0.000,1.5245,2.620,0.121,2.618,0.000,0.437,-4.47,0.00,emergency_stop,15,1,0,0.212,-2.29,74,0,12.114
472,54.8308,74.072,0.1090,-7.266,-109.322,0.000,1.5008,2.533,0.177,2.527,0.000,0.422,2.07,0.00,emergency_stop,15,0,1,0.164,-3.65,74,0,11.846
473,54.9335,74.179,0.1074,-7.238,-109.069,0.000,1.4957,2.286,0.171,2.280,0.000,0.381,8.52,0.00,emergency_stop,14,0,2,0.138,-3.94,74,0,11.593
474,55.0528,74.297,0.1096,-7.236,-108.817,0.000,1.5092,2.008,0.124,2.004,0.000,0.335,15.09,0.00,emergency_stop,14,0,2,0.138,-3.17,74,0,11.341
475,55.1588,74.404,0.1099,-7.255,-108.620,0.000,1.5324,1.765,0.068,1.764,0.000,0.294,8.50,0.00,emergency_stop,4,1,0,0.158,-1.84,74,0,11.144
476,55.2633,74.509,0.1098,-7.279,-108.449,0.000,1.5534,1.593,0.028,1.592,0.000,0.265,1.91,0.00,emergency_stop,4,0,2,0.183,-0.63,74,0,10.974
477,55.3839,74.627,0.1099,-7.289,-108.276,0.000,1.5627,1.359,0.011,1.359,0.000,0.226,-4.68,0.00,emergency_stop,8,0,13,0.194,-0.10,74,0,10.801
478,55.4886,74.734,0.1106,-7.289,-108.239,0.000,1.5641,0.000,0.000,0.000,0.000,0.000,-6.33,0.00,emergency_stop,8,0,14,0.195,-0.03,74,0,10.764
479,55.6089,74.852,0.1119,-7.289,-108.238,0.000,1.5641,0.001,0.000,0.001,0.000,0.000,0.39,0.00,emergency_stop,11,0,5,0.195,-0.03,74,0,10.763
480,55.7116,74.955,0.1102,-7.289,-108.238,0.000,1.5641,0.000,0.000,0.000,0.000,0.000,7.00,0.00,emergency_stop,11,0,5,0.195,-0.03,74,0,10.763
481,55.8166,75.060,0.1093,-7.289,-108.238,0.000,1.5641,0.000,0.000,0.000,0.000,0.000,13.56,0.00,emergency_stop,11,0,5,0.195,-0.03,74,0,10.763
482,55.9351,75.178,0.1090,-7.289,-108.238,0.000,1.5641,0.000,0.000,0.000,0.000,0.000,20.09,0.00,emergency_stop,11,0,5,0.195,-0.03,74,0,10.763
483,56.0392,75.285,0.1111,-7.289,-108.238,0.000,1.5641,0.000,0.000,0.000,0.000,0.000,26.76,0.00,emergency_stop,12,0,4,0.195,-0.03,74,0,10.763
484,56.1426,75.390,0.1103,-7.289,-108.238,0.000,1.5641,0.000,0.000,0.000,0.000,0.000,33.38,0.00,emergency_stop,12,0,4,0.195,-0.03,74,0,10.763
485,56.2679,75.515,0.1116,-7.289,-108.238,0.000,1.5641,0.000,0.000,0.000,0.300,0.000,26.68,0.60,brake,5,0,6,0.195,-0.03,74,0,10.763
486,56.3753,75.619,0.1097,-7.289,-108.239,0.000,1.5638,0.026,0.000,0.026,0.287,0.000,20.10,0.60,brake,6,0,8,0.195,-0.04,74,0,10.764
487,56.4795,75.723,0.1090,-7.289,-108.238,0.000,1.5640,0.047,0.000,0.047,0.277,0.000,13.56,0.60,brake,6,0,8,0.195,-0.03,74,0,10.763
488,56.5959,75.842,0.1117,-7.293,-108.222,0.000,1.5669,0.224,0.001,0.224,0.188,0.000,20.26,0.60,brake,13,0,3,0.198,0.14,74,0,10.748
489,56.6996,75.946,0.1108,-7.300,-108.192,0.000,1.5722,0.329,-0.000,0.329,0.136,0.000,26.91,0.60,brake,13,0,3,0.206,0.44,74,0,10.718
490,56.8191,76.064,0.1092,-7.316,-108.150,0.000,1.5840,0.442,-0.006,0.442,0.079,0.000,33.46,0.60,brake,12,0,4,0.222,1.12,74,0,10.675
491,56.9254,76.165,0.1089,-7.335,-108.111,0.000,1.5981,0.476,-0.013,0.476,0.062,0.000,31.97,0.60,brake,12,0,4,0.242,1.92,74,0,10.637
492,57.0385,76.285,0.1105,-7.363,-108.068,0.000,1.6166,0.481,-0.022,0.480,0.060,0.000,30.89,0.60,brake,12,0,4,0.269,2.98,74,0,10.595
493,57.1408,76.387,0.1092,-7.386,-108.032,0.000,1.6320,0.448,-0.027,0.447,0.076,0.000,28.27,0.60,brake,12,0,4,0.293,3.87,74,0,10.560
494,57.2446,76.491,0.1110,-7.409,-107.994,0.000,1.6466,0.447,-0.034,0.445,0.077,0.000,21.61,0.60,brake,5,0,8,0.316,4.71,74,0,10.523
495,57.3623,76.608,0.1111,-7.432,-107.948,0.000,1.6604,0.468,-0.042,0.466,0.066,0.000,14.94,0.60,brake,8,0,13,0.340,5.49,74,0,10.478
496,57.4812,76.725,0.1091,-7.452,-107.897,0.000,1.6706,0.485,-0.048,0.482,0.058,0.000,8.40,0.60,brake,8,0,13,0.359,6.08,74,0,10.428
497,57.5882,76.827,0.1076,-7.466,-107.851,0.000,1.6770,0.487,-0.052,0.484,0.057,0.000,1.94,0.60,brake,8,0,13,0.374,6.44,74,0,10.382
498,57.6901,76.936,0.1120,-7.476,-107.800,0.000,1.6801,0.477,-0.052,0.474,0.062,0.000,-4.78,0.60,brake,8,0,13,0.384,6.62,74,0,10.332
499,57.8091,77.052,0.1097,-7.481,-107.746,0.000,1.6794,0.462,-0.050,0.459,1.000,0.000,-11.36,2.80,avoid,8,0,12,0.390,6.58,74,0,10.278
500,57.9124,77.157,0.1118,-7.482,-107.697,0.000,1.6758,0.483,-0.051,0.481,1.000,0.000,-18.07,2.80,avoid,8,0,11,0.391,6.38,74,0,10.230
501,58.0288,77.273,0.1106,-7.475,-107.625,0.000,1.6649,0.841,-0.079,0.838,0.979,0.000,-21.45,2.80,avoid,8,0,12,0.384,5.75,74,0,10.157
502,58.1336,77.379,0.1102,-7.452,-107.512,0.000,1.6413,1.374,-0.097,1.371,0.713,0.000,-18.72,2.80,avoid,8,0,12,0.362,4.40,74,0,10.043
503,58.2416,77.485,0.1099,-7.412,-107.333,0.000,1.6048,2.052,-0.070,2.051,0.374,0.000,-25.31,2.80,avoid,5,0,8,0.323,2.31,74,0,9.862
504,58.3481,77.594,0.1083,-7.346,-107.097,0.000,1.5531,2.467,0.044,2.466,0.167,0.000,-31.81,2.80,avoid,5,0,7,0.259,-0.65,74,0,9.624
505,58.4669,77.709,0.1119,-7.333,-106.984,0.000,1.4970,0.119,0.009,0.118,1.000,0.000,-33.97,2.80,avoid,5,0,3,0.246,-3.87,81,7,9.511
506,58.5745,77.814,0.1105,-7.336,-106.980,0.000,1.4938,0.015,0.001,0.015,1.000,0.000,-33.90,2.80,avoid,5,0,3,0.250,-4.05,88,7,9.507
507,58.6892,77.932,0.1091,-7.342,-106.976,0.000,1.4904,0.058,0.005,0.058,1.000,0.000,-27.35,2.80,avoid,8,0,12,0.256,-4.25,96,8,9.503
508,58.7907,78.034,0.1109,-7.347,-106.971,0.000,1.4851,0.077,0.007,0.076,1.000,0.000,-20.70,2.80,avoid,8,0,11,0.261,-4.55,103,7,9.498
509,58.9119,78.152,0.1115,-7.354,-106.962,0.000,1.4772,0.078,0.007,0.078,1.000,0.000,-14.01,2.80,avoid,8,0,12,0.267,-5.00,112,9,9.490
510,59.0237,78.267,0.1091,-7.361,-106.954,0.000,1.4696,0.088,0.009,0.088,1.000,0.000,-7.46,2.80,avoid,8,0,12,0.275,-5.44,119,7,9.481
511,59.1278,78.369,0.1120,-7.367,-106.939,0.000,1.4635,0.209,0.022,0.208,1.000,0.000,-0.74,2.80,avoid,8,0,12,0.281,-5.78,126,7,9.467
512,59.2455,78.486,0.1099,-7.367,-106.887,0.000,1.4585,0.786,0.088,0.782,1.000,0.000,1.34,2.80,avoid,8,0,13,0.281,-6.07,134,8,9.416
513,59.3422,78.588,0.1102,-7.355,-106.762,0.000,1.4591,1.655,0.184,1.645,0.573,0.000,7.95,2.80,avoid,13,0,3,0.269,-6.04,136,2,9.289
514,59.4594,78.705,0.1091,-7.344,-106.517,0.000,1.4714,2.430,0.241,2.418,0.185,0.000,14.49,2.80,avoid,13,1,0,0.260,-5.33,136,0,9.044
515,59.5630,78.808,0.1106,-7.358,-106.247,0.000,1.5008,2.749,0.192,2.742,0.025,0.000,21.13,2.80,avoid,12,1,0,0.276,-3.65,136,0,8.776
516,59.6702,78.915,0.1080,-7.408,-105.962,0.000,1.5506,2.755,0.056,2.754,0.023,0.000,14.65,2.80,avoid,8,0,14,0.328,-0.80,136,0,8.492
517,59.7875,79.033,0.1094,-7.489,-105.653,0.000,1.6093,2.726,-0.105,2.724,0.037,0.000,8.08,2.80,avoid,4,0,3,0.411,2.56,136,0,8.188
518,59.8902,79.136,0.1104,-7.548,-105.384,0.000,1.6409,2.664,-0.187,2.657,0.068,0.000,1.45,2.80,avoid,4,0,3,0.471,4.38,136,0,7.923
519,60.0141,79.256,0.1111,-7.592,-105.077,0.000,1.6543,2.576,-0.215,2.567,0.112,0.000,-5.21,2.80,avoid,8,0,10,0.518,5.14,136,0,7.620
520,60.1204,79.360,0.1120,-7.612,-104.814,0.000,1.6516,2.502,-0.202,2.494,0.149,0.000,-11.93,2.80,avoid,8,0,9,0.539,4.99,136,0,7.359
521,60.2291,79.471,0.1095,-7.607,-104.542,0.000,1.6317,2.436,-0.148,2.432,0.182,0.000,-18.51,2.80,avoid,8,0,13,0.536,3.85,136,0,7.087
522,60.3332,79.578,0.1084,-7.574,-104.289,0.000,1.5963,2.378,-0.061,2.377,0.211,0.000,-15.77,2.80,avoid,8,0,13,0.504,1.82,136,0,6.833
523,60.4507,79.696,0.1095,-7.511,-104.019,0.000,1.5486,2.413,0.054,2.412,0.194,0.000,-9.20,2.80,avoid,13,0,6,0.443,-0.91,136,0,6.559
524,60.5526,79.798,0.1105,-7.456,-103.778,0.000,1.5153,2.475,0.137,2.471,0.162,0.000,-6.46,2.80,avoid,8,0,10,0.389,-2.82,136,0,6.314
525,60.6731,79.916,0.1122,-7.405,-103.488,0.000,1.4927,2.514,0.196,2.507,0.143,0.000,-2.95,2.80,avoid,8,0,10,0.340,-4.11,136,0,6.022
526,60.7756,80.019,0.1114,-7.365,-103.232,0.000,1.4797,2.530,0.230,2.520,0.135,0.000,-9.63,2.80,avoid,6,1,0,0.301,-4.86,136,0,5.764
527,60.8901,80.135,0.1085,-7.316,-102.944,0.000,1.4638,2.504,0.267,2.490,0.148,0.000,-3.12,2.80,avoid,8,0,11,0.255,-5.77,136,0,5.474
528,61.0073,80.251,0.1111,-7.256,-102.661,0.000,1.4443,2.503,0.316,2.483,0.149,0.000,3.55,2.80,avoid,8,0,11,0.196,-6.89,136,0,5.188
529,61.1138,80.354,0.1095,-7.222,-102.407,0.000,1.4450,2.486,0.312,2.467,0.157,0.000,6.43,2.80,avoid,8,0,9,0.164,-6.85,136,0,4.932
530,61.2114,80.456,0.1075,-7.208,-102.154,0.000,1.4579,2.478,0.279,2.463,0.161,0.000,5.62,2.80,avoid,8,0,9,0.152,-6.11,136,0,4.679
531,61.3316,80.574,0.1104,-7.202,-101.863,0.000,1.4761,2.487,0.235,2.475,0.157,0.000,-1.00,2.80,avoid,7,1,0,0.148,-5.06,136,0,4.389
532,61.4436,80.690,0.1105,-7.188,-101.574,0.000,1.4840,2.491,0.216,2.481,0.155,0.000,3.70,2.80,avoid,8,0,9,0.135,-4.61,136,0,4.099
533,61.5441,80.790,0.1101,-7.172,-101.325,0.000,1.4883,2.490,0.205,2.482,0.000,0.415,10.30,0.00,emergency_stop,11,0,6,0.121,-4.37,136,0,3.850
534,61.6607,80.907,0.1101,-7.172,-101.041,0.000,1.5058,2.360,0.153,2.355,0.000,0.393,16.90,0.00,emergency_stop,11,0,6,0.123,-3.36,136,0,3.566
535,61.7621,81.008,0.1108,-7.198,-100.819,0.000,1.5349,2.111,0.076,2.109,0.000,0.352,10.26,0.00,emergency_stop,1,1,0,0.150,-1.70,136,0,3.345
536,61.8824,81.126,0.1104,-7.236,-100.589,0.000,1.5659,1.891,0.009,1.891,0.000,0.315,3.63,0.00,emergency_stop,1,1,0,0.189,0.08,136,0,3.118
537,61.9846,81.226,0.1076,-7.257,-100.412,0.000,1.5804,1.702,-0.016,1.702,0.000,0.284,-2.82,0.00,emergency_stop,1,1,0,0.212,0.91,136,0,2.943
