0.1,1.1489066,0.0346307,0.0372561998665333,1.5909466
1.099795,0.2256695,0.1150924,0.0381409004330635,0.2315554
0.2328496,0.2260338,0.0917607,0,0.2313574
0.2288542,0.1824396,0.1166938,0,0.1851666
0.1865498,0.2403659,0.1440582,0.0659891963005066,0.2485731
0.2474487,0.1503869,0.1272545,0,0.1515961
0.1514933,0.0843486,0.0441421,0,0.0851938
0.1839143,0.3928621,0.1435193,0.0427680984139442,0.39391
0.2966008,0.1343283,0.0830761,0.0532368011772633,0.1371099
0.1360172,0.2032613,0.0233537,0.0370464995503426,0.2047501
0.2073064,0.2382782,0.066745,0.0370464995503426,0.8897882
0.8878931,0.3558294,0.0519117,0,0.8703818
0.8693301,0.2752966,0.1903706,0.0460058003664017,0.2764613
0.2776981,0.3002143,0.0227579,0,0.3054072
0.3077282,0.3698333,0.1420944,0.0482177995145321,0.3745657
0.3717064,0.9745926,0.1014199,0,0.9766113
0.9768937,1.3845929,0.2433374,0.0586173012852669,1.3867012
1.3863103,0.1465719,0.0810885,0.0270066000521183,0.1482382
0.1482249,0.6309473,0.208524,0,0.6326908
0.633053,0.218891,0.1274122,0.0644676983356476,0.2212517
0.221122,0.1231654,0.0803562,0.0241120010614395,0.4412997
0.4461261,0.2935837,0.1303054,0.0475867986679077,0.3002846
0.2961972,0.3244057,0.1426213,0.0716060996055603,0.3270291
0.3261292,0.3036997,0.171737,0.0675576031208038,0.3054658
0.3095306,0.2476487,0.1847994,0.0737269967794418,0.2533882
0.2493145,0.5048731,0.2931365,0.0395148992538452,0.5065387
0.506609,0.3355746,0.1532452,0.0603646002709866,0.3373235
0.3389473,0.1939122,0.1413317,0.0526236966252327,0.1972361
0.1954857,0.1338319,0.086683,0.0322153009474277,0.1354901
0.1354782,0.2221153,0.0853959,0.0304826982319355,0.2237039
0.2238033,0.217927,0.1599812,0.0371704027056694,0.6230311
0.6245895,0.255814,0.1827713,0.061150100082159,0.2591201
0.2584064,0.3013669,0.2367127,0.0347450971603394,0.303913
0.3029845,0.463972,0.3769173,0.0634969025850296,0.4655776
0.4662635,0.3006457,0.2359729,0.0395672023296356,0.3029823
0.3030335,0.3831749,0.3120987,0.0509585030376911,0.3855171
0.3872362,0.2171183,0.0807686,0.0245505012571812,0.2211239
0.2233552,0.2221582,0.1618868,0.0608871020376682,0.2303183
0.2258761,0.1236779,0.0746693,0.029200803488493,0.1255173
0.1259588,0.3174759,0.2685322,0.0542297028005123,0.3197027
0.3191743,0.1252845,0.0828056,0.0266207009553909,0.3814151
0.381395,0.1847012,0.1381369,0.0318700969219208,0.1863953
0.1895079,0.0909265,0.0518918,0.0278901010751724,0.0956729
2.799966,2.9421967,0.0415951,0.0608865991234779,3.1996591
0.5326579,0.1490254,0.0892896,0.0264164991676807,0.1905417
0.1526178,0.3769698,0.0368424,0,0.3804011
0.3788929,0.0804729,0.0249446,0.0270661003887653,0.0824775
0.6252217,0.7546441,0.0235636,0.0571781992912292,0.7576019
0.2165508,0.1425091,0.0546879,0.0295392982661724,0.1452184
0.144761,0.3973273,0.0658444,0.057913102209568,0.3993578
2.8240332,0.6771363,0.0456368,0,1.0439364
1.0446991,0.1917999,0.0974983,0.0413009002804756,0.1957274
0.1936512,0.0666482,0.0281296,0.0241196006536484,0.0683721
0.7820673,0.8479944,0.0836268,0.0237016007304192,0.8514362
0.1370449,0.0728962,0.0322115,0.0514299981296062,0.0740291
0.3817445,0.4203996,0.0402111,0,0.4222084
0.1168267,0.0725321,0.0342646,0.0332749001681805,0.0766653
0.2402117,0.2659674,0.0734534,0.0256537981331348,0.2694703
0.1080623,0.0804009,0.0358258,0.0685466974973679,0.0834968
0.1007918,0.0713784,0.0291603,0.0253726989030838,0.0738934
0.1042182,0.1113011,0.0369788,0.0218218974769115,0.2903954
0.246506,0.0549247,0.0242869,0.01970000192523,0.0597033
0.1115446,0.1018137,0.0262859,0.0414065979421139,0.1042696
0.1088595,0.111309,0.0268041,0.0233490988612175,0.1131554
0.1102986,0.1027186,0.0256812,0.0211497992277145,0.1045861
0.1101121,0.1033689,0.0180916,0.0204525999724865,0.1048326
0.1084246,0.1089455,0.0240977,0.0215246006846428,0.1107964
0.1092796,0.2116742,0.0475423,0.0215744003653526,0.2135724
0.1548949,0.078659,0.0522991,0.0436416007578373,0.0856683
0.1104555,0.1289363,0.0238181,0.053192500025034,0.140305
0.1239583,0.1539292,0.0966633,0.0263952016830444,0.4633791
0.4507179,0.0830964,0.0588768,0.0235543996095657,0.0859098
0.100068,0.0817375,0.0306312,0.0281246975064278,0.0832126
0.1094127,0.0916599,0.0232081,0.0253321975469589,0.0942622
0.10936,0.1064245,0.0281157,0.0225032977759838,0.1089314
0.1100229,0.0992032,0.0209903,0.022121399641037,0.102634
0.1094122,0.1078273,0.0204851,0.0224324986338615,0.1099442
0.1080024,0.1149547,0.0302729,0.0252403020858765,0.1168531
0.1261681,0.1897794,0.0947133,0.0224240012466908,0.1914023
0.1238471,0.2294152,0.02596,0,0.2352796
0.2320631,0.0914235,0.0508781,0.0331119000911713,0.3391784
0.3380037,0.084015,0.046936,0.0233562029898167,0.0858058
0.1690353,0.1293821,0.0302452,0.0221068002283573,0.1334497
0.1058612,0.1205374,0.0402063,0.043639000505209,0.1227453
0.1094122,0.0961355,0.0313889,0.0180904008448124,0.0984854
0.1100262,0.1003794,0.0252852,0.0207342989742756,0.1025854
0.1108898,0.1091477,0.0220321,0.0416914001107216,0.1108738
0.1110872,0.2129986,0.0260189,0.0232241004705429,0.2147769
0.1528763,0.1084119,0.0811277,0.022349800914526,0.1102597
0.1103779,0.1578133,0.0436325,0.0325618013739586,0.159735
0.1638643,0.1416499,0.1151494,0.0276006013154984,0.461249
0.4580951,0.2580591,0.1465337,0.0478421002626419,0.2609733
0.260196,0.0797754,0.0250949,0,0.0818997
0.1097657,0.0837848,0.0349175,0.0441984981298447,0.0852739
0.1104696,0.0950915,0.0206232,0.0206055007874966,0.0971526
0.1086783,0.1055051,0.016949,0.0204037986695766,0.1074892
0.1083002,0.116401,0.0287028,0.0193894989788532,0.1182872
0.1105687,0.1022095,0.0224303,0.0208651982247829,0.1046335
0.1084608,0.1239468,0.0425586,0.0412635989487171,0.1259103
0.1083534,0.1042698,0.035485,0.0208471976220608,0.105778
3.9294543,0.0540926,0.03537,0.0426753014326096,0.2233648
0.2222657,0.1420784,0.0204337,0.0169930979609489,0.1438676
0.1499126,0.0632319,0.0329259,0.0339883007109165,0.0710026
0.1038368,0.1050473,0.0398164,0.0181396007537842,0.1068959
0.1089341,0.0983807,0.0320377,0.0205603018403053,0.1001467
0.1090697,0.1000679,0.0326521,0.0422692000865936,0.1020331
0.1087249,0.1035804,0.028598,0.0194494985044003,0.1054486
0.1068779,0.0970893,0.0176945,0.0184928998351097,0.0987394
0.1093924,0.1130938,0.0288224,0.0379304997622967,0.1153862
0.1081789,0.0944494,0.0165428,0.0199286974966526,0.0960372
0.1098459,0.1275497,0.028645,0.0386309996247292,0.442785
0.3678068,0.0715537,0.0412959,0.0237774029374123,0.0732868
0.1005957,0.0985622,0.0364467,0.0394876003265381,0.1007455
0.1080856,0.084474,0.0253571,0.018001101911068,0.0863645
0.1095732,0.1087953,0.0331939,0.0377855971455574,0.1107706
0.1075298,0.1030851,0.0291164,0.0388793013989925,0.1052637
0.1094841,0.1200377,0.0361473,0.0396069996058941,0.1215453
0.1097438,0.0879654,0.0194371,0.0180006995797157,0.089958
0.1093932,0.1137754,0.0244314,0.0199012011289597,0.1154353
0.1085978,0.1198595,0.0368854,0.0382816977798939,0.1223236
0.1097536,0.0920176,0.0207807,0.0190084017813206,0.2179867
0.171642,0.1752575,0.1505179,0.0524126999080181,0.1774553
0.1770724,0.0621436,0.0358351,0.032090499997139,0.0644225
0.1035362,0.0899823,0.0302337,0.0390428006649017,0.0917476
0.1080529,0.0960567,0.0220393,0.0179203003644943,0.0978806
0.1094852,0.1188222,0.0315482,0.018028300255537,0.1204547
0.1076387,0.1003546,0.025154,0.0188675001263618,0.1021033
0.1090371,0.1049976,0.0224203,0.020058199763298,0.1094468
0.1090378,0.1124576,0.0297606,0.0369964987039566,0.1142224
0.1070775,0.1012341,0.0246306,0.0201305970549583,0.1029773
0.1086994,0.1151929,0.0364604,0.0422757007181644,0.3911722
0.3320236,0.0891279,0.0347378,0,0.0910314
0.1072624,0.0639741,0.0235999,0.0452953018248081,0.0657733
0.10791,0.0954388,0.0179592,0.0201326981186867,0.0972602
0.1085295,0.1361564,0.0423835,0.0380733013153076,0.1382682
0.1088486,0.0982607,0.0355622,0.0387808978557587,0.1004989
0.1093137,0.1062935,0.031174,0.0410710014402866,0.1080407
0.1083174,0.0915182,0.0224449,0.0357231982052326,0.0943209
0.1092134,0.1109686,0.027891,0.0362064987421036,0.1134704
0.1098209,0.1116171,0.0325515,0.0370341017842293,0.1133983
0.1098432,0.1004434,0.0197059,0.018956396728754,0.2665913
0.2097619,0.0493498,0.0321335,0.0378996022045612,0.0516743
0.1004695,0.0986683,0.0316211,0.0399667993187904,0.1005139
0.1092396,0.0966193,0.0217216,0.0388939008116722,0.1007549
0.1094031,0.1170092,0.0341596,0.039462897926569,0.1193243
0.1090026,0.1042206,0.0251081,0.0174706019461155,0.1061871
0.1087892,0.1026004,0.0252824,0.0413774028420448,0.1043713
0.1090735,0.1162881,0.0324805,0.018912099301815,0.118645
0.1091874,0.1203297,0.0218025,0.0379034988582134,0.1220602
0.1076886,0.0883106,0.0248243,0.0252345986664295,0.0901562
4.4722415,0.0443645,0.034747,0.020584300160408,0.5958884
0.5961721,0.0429774,0.0170905,0.0173540003597736,0.0443445
0.1140383,0.1663813,0.0833561,0.0256620980799198,0.1672289
0.1094173,0.1004162,0.015912,0,0.1011804
0.1106939,0.1395953,0.1024209,0.0350349023938179,0.1404272
0.1188523,0.0988553,0.0344352,0,0.0996485
0.100026,0.1002526,0.0812856,0.0695017985999584,0.1010605
0.1006539,0.076507,0.0594156,0.0441967993974686,0.0772722
0.1031669,0.0788434,0.0297918,0.0518492013216019,0.0796942
0.1113487,0.0878737,0.019792,0.017517801374197,0.088854
0.1097707,0.0995341,0.0077408,0.0233503989875317,0.1897142
0.1117835,0.0372706,0.02672,0.0183346010744572,0.0385482
0.1050598,0.1212694,0.040994,0.0217575989663601,0.1220872
0.1093502,0.0850595,0.0199918,0.0193642005324364,0.0858337
0.1083297,0.1061919,0.0193648,0.0204130001366138,0.1070755
0.1089475,0.1027719,0.0145985,0.0203595981001854,0.1035959
0.1093435,0.107872,0.0121834,0.0197556018829346,0.1087854
0.1065002,0.1183003,0.0260083,0.0189624018967152,0.1191239
0.1112041,0.0954502,0.0111984,0.0175817012786865,0.0962474
0.1093861,0.1388068,0.0268926,0.0377102009952068,0.1397885
0.1084079,0.1154268,0.0329283,0.0354324989020824,0.2864927
0.231211,0.0620843,0.0346263,0.0178906992077827,0.0636409
0.1104952,0.1014627,0.0283347,0.0382074974477291,0.1036725
0.1100644,0.1063854,0.0282758,0.0192178003489971,0.1081283
0.1092755,0.1039564,0.0200342,0.0217771008610725,0.1056179
0.1088146,0.154147,0.0253295,0.0347987972199917,0.156359
0.1168805,0.1151967,0.0808575,0.0208468027412891,0.1348028
0.1169698,0.2278909,0.0374804,0.029458899050951,0.2299401
0.2305311,0.0834181,0.0348632,0.022774700075388,0.0857668
0.1005046,0.0730191,0.0248272,0.0296589024364948,0.0760855
0.108159,0.0850251,0.0140079,0.0188312977552414,0.2404717
0.1946893,0.0543889,0.0273042,0.0194255001842976,0.0577147
0.1027711,0.1057229,0.0272026,0.0384643971920013,0.1075092
0.1100849,0.104603,0.0244393,0.0223813988268375,0.1060726
0.108465,0.0948167,0.016143,0.0198881030082703,0.0975428
0.1077332,0.1244558,0.0340839,0.0196522027254105,0.1265289
0.1079321,0.0959641,0.0241477,0.0173441991209984,0.0979284
0.1097727,0.096637,0.0141174,0.0198998004198074,0.0987278
0.1086161,0.1189323,0.0289757,0.0385623015463352,0.1206259
0.1094165,0.1087337,0.0199231,0.0198551006615162,0.1104711
0.1078359,0.2759106,0.0225745,0.0205340981483459,0.6190018
0.5682424,0.0583411,0.0286193,0.0208746008574963,0.0603759
0.103075,0.1005817,0.0271736,0.0198643989861012,0.1024631
0.1088418,0.0950887,0.0166015,0.0190118998289108,0.0972933
0.1085975,0.1322357,0.0301649,0.0417164973914623,0.1341054
0.1085758,0.0762434,0.0172883,0.0367620997130871,0.0781814
0.1860265,0.3548279,0.1440171,0.0218208022415638,0.3568354
0.225895,0.7017754,0.0811534,0.151258707046509,0.7154514
0.7034295,0.0711321,0.0399808,0.0545381978154182,0.072799
0.1061693,0.0891989,0.0294682,0.0189400985836983,0.0911027
6.453001,0.0779014,0.0440381,0.0202086977660656,0.28354
0.2872169,0.1002892,0.0434476,0.0208890996873379,0.1080745
0.1020502,0.0757828,0.0357575,0.0490250997245312,0.0774984
0.1746043,0.2453045,0.1101311,0.0222148001194,0.2468698
0.149594,0.0729648,0.0351348,0.0234908983111382,0.0744511
0.1059385,0.0799509,0.036662,0.0472838990390301,0.0824091
0.1090562,0.0937003,0.0207936,0.023132998496294,0.0944676
0.1080504,0.1183373,0.0176965,0.0357751995325089,0.1191129
0.1108835,0.1858192,0.1128498,0.0392536967992783,0.1866963
0.122693,0.1326467,0.0288608,0,0.1335226
0.1336196,0.0367737,0.024633,0.0191392004489899,0.0944639
0.1048342,0.1463255,0.1160787,0.0320011973381042,0.1472328
0.1368526,0.5092677,0.0256037,0,0.5100858
0.5100969,0.0364757,0.0230812,0.0214456021785736,0.0373083
0.1046759,0.1026835,0.0218311,0.0194404982030392,0.1035161
0.110392,0.1054259,0.018666,0.0197989009320736,0.106268
0.1104791,0.1053241,0.0131874,0.0195934996008873,0.1061349
0.1096512,0.1050481,0.0096272,0.0201116017997265,0.1058698
0.1105334,0.1206868,0.0220564,0.0195178017020226,0.1214939
0.1106847,0.2618218,0.0995207,0,0.2628681
0.1869833,0.0206476,0.0073927,0.0204763002693653,0.0881
0.1113865,0.0570682,0.0191208,0.0217872001230717,0.05799
0.1120484,0.1340646,0.042718,0.0224596001207829,0.1348924
0.1106888,0.0996421,0.0343769,0.0240128003060818,0.100432
0.1097292,0.0870713,0.0123643,0.0208094008266926,0.0878686
0.1094113,0.1104342,0.01548,0.0202846974134445,0.1112568
0.1080308,0.1045082,0.0135145,0.0212359987199306,0.1053179
0.1093992,0.1238099,0.0163477,0.0224591009318829,0.1247914
0.1116742,0.1310618,0.0320852,0.0207933001220226,0.1328999
0.1093269,0.1062449,0.0329892,0.0198384970426559,0.1087232
0.1200367,0.1944072,0.1049659,0.0459505021572113,0.359646
0.300918,0.1618184,0.1316319,0.0189419984817505,0.1633957
0.164603,0.1031579,0.0373265,0,0.1060506
0.1049278,0.0563418,0.0262291,0.0242026001214981,0.0580256
0.1009189,0.0947153,0.0207667,0.024701002985239,0.0971818
0.1314293,0.1861866,0.0767537,0.0243987999856472,0.1878884
0.1106976,0.1072924,0.0246335,0,0.1088845
0.1088342,0.0672147,0.0290661,0.0281676016747952,0.0687235
0.1037187,0.1822408,0.0245984,0.0251558981835842,0.1842436
0.1533887,0.0877023,0.0566246,0.0273731015622616,0.0933647
0.1130517,0.0885099,0.0296441,0.030102800577879,0.2469326
0.2240376,0.0576018,0.019034,0.0515976995229721,0.0600908
0.1018055,0.0993868,0.0205587,0.0268840007483959,0.1010705
0.1086165,0.1224124,0.0413569,0.0490624010562897,0.1240885
0.1084408,0.1935764,0.0390888,0.0254956968128681,0.1954268
0.161172,0.1157188,0.0406399,0.14183309674263,0.1174627
0.1175072,0.0760693,0.0442657,0.0296464972198009,0.077862
0.1128838,0.1156905,0.0396767,0.0274630002677441,0.1177735
0.1120871,0.1073698,0.0357842,0.0270975008606911,0.109418
0.1056591,0.1754741,0.0225571,0.0317960977554321,0.1771442
8.5903264,0.0928007,0.0539693,0.0439686998724937,0.3812617
0.3793463,0.0812027,0.0467622,0.0273048989474773,0.0829302
0.1061582,0.2322849,0.1414433,0.0485567972064018,0.234123
0.2143852,0.0858036,0.0340404,0.0382607020437717,0.0907605
0.1179255,0.1828538,0.1029269,0.0293897986412048,0.1846935
0.1542848,0.1270045,0.0532893,0.0743753015995026,0.1290792
0.1290485,0.1628438,0.023538,0.0323906987905502,0.1662779
0.1675518,0.1418843,0.0511145,0,0.1447684
0.1433759,0.1638419,0.0304114,0.0338198989629745,0.1653496
0.1662865,0.0714908,0.0369255,0.0295017026364803,0.0739018
0.108924,0.1954784,0.0240326,0.0372838005423546,0.4061125
0.3706654,0.1739585,0.1403738,0.0267779007554054,0.1760022
0.1756789,0.1113227,0.0475082,0.066210001707077,0.1130383
0.1129533,0.0739367,0.0359591,0.0306370966136456,0.0754603
0.108287,0.0928735,0.028226,0.0323189981281757,0.0946095
0.1125134,0.2743721,0.1369818,0.131584703922272,0.2760687
0.2257391,0.094224,0.046647,0.0345435030758381,0.096204
0.1000645,0.0858725,0.0427429,0.0338960997760296,0.0875734
0.1083317,0.0905917,0.0295214,0.0318185016512871,0.0925353
0.1097809,0.1353243,0.0468907,0.0299616008996964,0.1371317
0.1075813,0.088051,0.0317913,0.0298065021634102,0.3805652
0.369071,0.0825423,0.0419014,0.0400042980909348,0.085384
0.1139191,0.092374,0.0210436,0.0325975976884365,0.0944877
0.1090157,0.1170696,0.0326888,0.0292760990560055,0.1187376
0.1098641,0.1166738,0.0421832,0.0300172008574009,0.1186511
0.1074169,0.1715215,0.0943583,0.0594749003648758,0.1733615
0.1498456,0.085312,0.0344597,0.031140398234129,0.0874027
0.1012178,0.1078819,0.0252867,0.0539827980101109,0.1101617
0.1109009,0.1139401,0.0398508,0.0364876016974449,0.1165405
0.1028611,0.0915626,0.0382335,0.0375160984694958,0.094659
0.1000948,0.0867882,0.0376113,0.03089489787817,0.2051231
0.1988867,0.1444997,0.0303478,0.0285302996635437,0.1514197
0.1513604,0.109995,0.0528574,0.0325303003191948,0.1120282
0.1121726,0.0833601,0.0273086,0.0682222992181778,0.0859154
0.1611959,0.1409468,0.0336944,0.0253367982804775,0.1427246
0.1079797,0.08637,0.0182459,0.023013997823,0.0880897
0.1106158,0.1254478,0.0298201,0.0240949988365173,0.1273507
0.107733,0.179356,0.0690212,0.0216978006064892,0.1810727
0.1372692,0.0658842,0.029914,0.0208272971212864,0.067697
0.1148391,0.123661,0.0423124,0.0505611002445221,0.1253833
0.1090286,0.0895559,0.0245815,0.0250771008431911,0.2499233
0.2200081,0.1563239,0.0399244,0.0225507020950317,0.1589186
0.1581587,0.0634202,0.0242821,0.0238847993314266,0.0657594
0.1077716,0.1058378,0.0262409,0.0236886031925678,0.107962
0.111727,0.1107345,0.0351534,0.0224055014550686,0.1137912
0.1102453,0.1046253,0.0365015,0.0210618004202843,0.1071678
0.1119528,0.0883188,0.0170341,0.0219586007297039,0.0900988
0.1123251,0.1908318,0.0860082,0.0255865007638931,0.1926045
0.1233636,0.0824567,0.0400224,0.0281873010098934,0.0842027
0.1112808,0.0905561,0.0319195,0.0246482007205486,0.0923997
9.0509604,0.0736066,0.0270107,0.0274160988628864,0.3937132
0.3937142,0.103002,0.046371,0.046323399990797,0.1051826
0.1049023,0.0824602,0.0395179,0.0240733996033669,0.0845618
0.1027312,0.0757594,0.0264482,0.0218264013528824,0.0779288
0.1069855,0.2095335,0.0340551,0.0227234996855259,0.2132454
0.1658978,0.0653379,0.0361092,0.0237809978425503,0.0670328
0.1032339,0.1088652,0.0375268,0.0254605002701283,0.1108421
0.1598854,0.2447188,0.1153522,0.0389834009110928,0.2462235
0.1609206,0.2408967,0.1528836,0,0.2426169
0.2429012,0.0909463,0.016778,0,0.0931683
0.1034742,0.0716423,0.0305688,0.0444032996892929,0.245928
0.2355894,0.06072,0.0267999,0.0185411013662815,0.0626633
0.1044047,0.116707,0.0342864,0.0229818001389503,0.1195302
0.1103093,0.0950244,0.0242663,0.0398517996072769,0.0970039
0.1114753,0.1191492,0.0268893,0.036992996931076,0.1209181
0.1098414,0.1118463,0.0325141,0.0190414972603321,0.1138702
0.1096626,0.0955995,0.0233811,0.0207292027771473,0.0976406
0.1092427,0.1074108,0.0326333,0.0381899997591972,0.1095968
0.1095437,0.106307,0.0340309,0.0183840990066528,0.1083752
0.1074955,0.0947546,0.0248478,0.0362733006477356,0.0962502
0.1074699,0.1049049,0.0196529,0.0197421982884407,0.2874411
0.2343397,0.1515723,0.0326195,0.0382913984358311,0.1539232
0.1534875,0.0885782,0.0339917,0.029940202832222,0.0906115
0.111128,0.2232963,0.0301024,0.0387753993272781,0.2247986
0.206489,0.1059778,0.0485655,0.0262701995670795,0.1100155
0.1079711,0.0634823,0.0286378,0.0568030998110771,0.0653449
0.1037108,0.1033927,0.0245546,0.0190728008747101,0.1050526
0.1084663,0.1034466,0.0280554,0.0390165001153946,0.1064433
0.1108067,0.0944995,0.0198243,0.02127930149436,0.0965792
0.1106155,0.1394758,0.0378332,0.0208268985152245,0.1417011
0.1102727,0.0920576,0.0268798,0.0256099030375481,0.2635603
0.2347983,0.0538179,0.0190075,0.0247637033462524,0.0557262
0.1083454,0.121207,0.0298702,0.0240893997251987,0.1240926
0.1072102,0.0978257,0.02058,0.0253853015601635,0.1007455
0.1078479,0.1041672,0.0264324,0.0217887982726097,0.1062544
0.1089936,0.1206464,0.0419044,0.045992698520422,0.1226723
0.1088159,0.0874671,0.0225556,0.0229477025568485,0.0891573
0.1103038,0.1014439,0.0185584,0.019843801856041,0.1039156
0.1067753,0.1128004,0.0250685,0.0228551998734474,0.1147101
0.1083917,0.1040138,0.0299542,0.0222293995320797,0.1066014
0.1096448,0.1118915,0.0247277,0.0247751995921135,0.2776396
0.2246937,0.214341,0.1675856,0.0306427031755447,0.2155244
0.2179308,0.1882068,0.0418566,0,0.192102
0.1903646,0.1051854,0.0450468,0.0615779981017113,0.1071512
0.1102681,0.0827862,0.0258711,0.0289034992456436,0.0878116
0.1021005,0.1124453,0.0468971,0.0609852001070976,0.1169004
0.1040473,0.0823497,0.0351034,0.0307796970009804,0.088785
0.1000781,0.0961461,0.0272773,0.0305614992976189,0.0982467
0.10928,0.1137977,0.03921,0.0286194980144501,0.1157241
0.1065534,0.091309,0.0228777,0.0293353982269764,0.0942275
10.3524697,0.0747635,0.0409213,0.04627950116992,0.4454321
0.4451071,0.417121,0.0242757,0,0.4190234
0.418876,0.7246901,0.1331851,0,0.7268102
0.7322196,0.1945614,0.1002779,0.0357924997806549,0.2015987
0.1963929,0.1579284,0.0884529,0.0202473998069763,0.1599059
0.1595856,0.2315941,0.0239159,0,0.2330571
0.23396,0.0688466,0.0209226,0.0212908014655113,0.071322
0.1012987,0.0975041,0.0237038,0.0183977968990803,0.0994691
0.1042017,0.1078079,0.0330566,0.0174080990254879,0.1097005
0.1009766,0.0990185,0.0306361,0.0185495987534523,0.1006257
0.1017629,0.0915879,0.0243484,0.0178288966417313,2.8240789
2.7958533,0.06865,0.0101027,0.014884602278471,0.0699825
0.1983171,0.1730768,0.0348479,0.0354773998260498,0.1737584
0.1061756,0.0824947,0.0106845,0.00991659983992577,0.0834224
0.1056146,0.1205663,0.0213244,0.0313698016107082,0.1212152
0.1089236,0.0923351,0.0075335,0.0130695998668671,0.0930247
0.1083191,0.1040034,0.0099995,0.0130230002105236,0.1046847
0.11023,0.1120836,0.011218,0.0143426023423672,0.1127088
0.1102959,0.1118591,0.0116927,0.0064190998673439,0.1128183
0.1089379,0.1048456,0.0108979,0.012550201267004,0.1055847
0.1086314,0.1077177,0.0114224,0.00648050010204315,0.2164696
0.1284495,0.0323035,0.0108251,0.0156321004033089,0.0333578
0.109642,0.1025027,0.0116861,0,0.1048466
0.1120683,0.1040642,0.0122448,0.0124826990067959,0.1046144
0.1083221,0.104092,0.0079239,0.00632689893245697,0.1046739
0.1108672,0.1135941,0.011045,0.0144036971032619,0.1142067
0.1086761,0.1071331,0.0103307,0.0133942998945713,0.107737
0.1099861,0.1134998,0.0137419,0.0162142999470234,0.1140929
0.1102643,0.1051791,0.0107915,0.0128460004925728,0.1057979
0.1114609,0.1160521,0.0115692,0.0170463994145393,0.116951
0.1080412,0.0982355,0.0065308,0.00884699821472168,0.1859981
0.1028619,0.031147,0.0206356,0.0102793015539646,0.0321296
0.1149527,0.1091755,0.0155999,0.0169884003698826,0.1098559
0.1078687,0.0963969,0.0060533,0.00735840201377869,0.0971712
0.1099467,0.109578,0.0075926,0.00986680015921593,0.1110645
0.1107985,0.1147299,0.0105426,0.016857098788023,0.1159171
0.108038,0.1033263,0.0086126,0.0194294005632401,0.1045285
0.1080149,0.1083743,0.0083842,0.00844299793243408,0.1091499
0.1113587,0.1174429,0.0152733,0.00865840166807175,0.1180948
0.1089134,0.102714,0.0098473,0.00714690238237381,0.1034411
0.1076247,0.0992831,0.00583,0.0131221003830433,0.2509044
0.1657299,0.1759187,0.0952973,0.0486321002244949,0.1802383
0.1821117,0.3519244,0.0388931,0,0.3555452
0.3528878,0.0961147,0.077879,0.0195314027369022,0.0970857
0.1028044,0.1564124,0.0285612,0,0.1573321
0.1515723,0.1184576,0.0925672,0.0314932987093925,0.1195099
0.1196702,0.2791522,0.1327559,0,0.2802621
0.2802107,0.1515427,0.0662197,0,0.1525491
0.1525019,0.1837115,0.0761662,0,0.1846729
